"id","user_id","title","category","design_colors","logo_url","created_at","structure","is_active","is_locked","language","owner_id","is_published","default_locale","updated_at","form_token","brand_logo_url","brand_primary","brand_accent","brand_background","owner","public_token","meta","status","published_at","slug","default_lang","partner_id","token","code"
"55d2dce3-4e30-440a-b5c4-f2b472fede74","ae470d3c-3d84-4413-91c3-8787a8643f47","שאלון ללא כותרת","real_estate","{""status"":""draft"",""language"":""he"",""company_name"":""gil"",""primary_color"":""#169a9c"",""secondary_color"":""#ff7300""}","https://lcazbaggfdejukjgkpeu.supabase.co/storage/v1/object/public/branding/branding/ae470d3c-3d84-4413-91c3-8787a8643f47/logo-1755111853450.webp","2025-08-20T14:26:46.918548",,true,false,"he","ae470d3c-3d84-4413-91c3-8787a8643f47",true,"he","2025-08-27T08:35:02.505045+00:00","c4cd876034fbd53448f7b19a",,"#2563eb","#f59e0b","#ffffff",,"e0a61da8a22c4c38987d3cddd765e045","{}","draft","2025-08-20T14:27:14.874+00:00","שאלון-ללא-כותרת","he",,"98c4452f63a4246d","45eb37a75cad51d0"
"10000000-0000-0000-0000-000000000002",,"Business Coaching Survey","coach","{""main"":""#fa7700"",""secondary"":""#fffbe8""}","https://yourdomain.com/coachlogo.png","2025-08-04T09:37:56.841747",,true,false,"he",,true,"he","2025-08-27T08:35:02.505045+00:00","f_b96d8c68110de69f01aa80caf47d383f",,"#2563eb","#f59e0b","#ffffff","00000000-0000-0000-0000-000000000002","d89e27993da8252cbb72ddc49e484ca7","{}","draft",,"business-coaching-survey","he",,"5684e142b49a06f0","41aee92b5f99d685"
"d09fb9d2-e545-432b-9ced-11f4d634e75a","2ba91821-68f4-45c3-baeb-043fbb369e97","ניסיון נוסף ","real_estate","{""primary"":""#16939B"",""secondary"":""#FFD500"",""background"":""#FFD500""}","https://lcazbaggfdejukjgkpeu.supabase.co/storage/v1/object/public/branding/branding/ae470d3c-3d84-4413-91c3-8787a8643f47/logo-1755111853450.webp","2025-08-24T13:08:15.344488",,true,false,"he","2ba91821-68f4-45c3-baeb-043fbb369e97",false,"he","2025-08-27T08:35:02.505045+00:00","ea04945c6395e5cd1fc46dcc",,"#2563eb","#f59e0b","#ffffff",,"ba2c5808d21f1fd55a110084",,"draft",,,"he",,"95b404cc8934e5a7","da167c4c6f6086f5"
"d6ccb629-ef02-4f6c-9d2d-9bdd5ad71692","81a07f63-158d-4dc2-a903-4c2c859b105f","ג","כללי","{""primary"":""#3B82F6"",""secondary"":""#6B7280""}",,"2025-08-13T23:02:11.920985",,true,false,"he","ae470d3c-3d84-4413-91c3-8787a8643f47",true,"he","2025-08-27T08:35:02.505045+00:00","bd24a43cf974d0f331827818",,"#2563eb","#f59e0b","#ffffff",,"c5d8bea7-0234-4893-9d6b-92733845af44","{}","draft",,"ג","he",,"67a6b9da7e9a77a1","2bd468346a13fc94"
"93e24be6-5b50-4729-8267-b0ad0f789249",,"טסט נדל״ן",,,,"2025-08-25T12:16:59.044959",,true,false,"he",,true,"he","2025-08-27T08:35:02.505045+00:00","2177925fc538117105a0bb6b",,"#2563eb","#f59e0b","#ffffff",,,,"draft",,,"he",,"dd77249b1a51ec62","aafa4a20151dff91"
"52a81ee4-b28f-462c-b88f-daefc07507a6","ae470d3c-3d84-4413-91c3-8787a8643f47","ב","real_estate","{""status"":""draft"",""language"":""he"",""company_name"":""gil"",""primary_color"":""#169a9c"",""secondary_color"":""#ff7300""}","https://lcazbaggfdejukjgkpeu.supabase.co/storage/v1/object/public/branding/branding/ae470d3c-3d84-4413-91c3-8787a8643f47/logo-1755111853450.webp","2025-08-21T12:51:32.216852",,true,false,"he","ae470d3c-3d84-4413-91c3-8787a8643f47",true,"he","2025-08-27T08:35:02.505045+00:00","52a81ee4-b28f-462c-b88f-daefc07507a6_b92b0f31",,"#2563eb","#f59e0b","#ffffff",,"52a81ee4-b28f-462c-b88f-daefc07507a6_3f8c1701","{}","draft",,"","he",,"fa797609a1aa6889","d4d1d60d5e9663c3"
"65a5c238-e31c-45fc-a0f2-709e5fb1451e","ae470d3c-3d84-4413-91c3-8787a8643f47","ב","real_estate","{""status"":""draft"",""language"":""he"",""company_name"":""gil"",""primary_color"":""#169a9c"",""secondary_color"":""#ff7300""}","https://lcazbaggfdejukjgkpeu.supabase.co/storage/v1/object/public/branding/branding/ae470d3c-3d84-4413-91c3-8787a8643f47/logo-1755111853450.webp","2025-08-23T12:38:35.607415",,true,false,"he","ae470d3c-3d84-4413-91c3-8787a8643f47",true,"he","2025-08-27T08:35:02.505045+00:00","65a5c238-e31c-45fc-a0f2-709e5fb1451e_928bbe4c",,"#2563eb","#f59e0b","#ffffff",,"65a5c238-e31c-45fc-a0f2-709e5fb1451e_1163f867","{}","draft",,"","he",,"bfe5aeb0cc91a79f","4f046c36bed75190"
"75be4fe3-3b80-4cfa-9480-78af0ecafdaf","2ba91821-68f4-45c3-baeb-043fbb369e97","ניסיון נוסף ","real_estate","{""status"":""draft"",""language"":""he"",""company_name"":""gil "",""primary_color"":""#16939B"",""secondary_color"":""#FFD500""}","https://lcazbaggfdejukjgkpeu.supabase.co/storage/v1/object/public/branding/branding/ae470d3c-3d84-4413-91c3-8787a8643f47/logo-1755111853450.webp","2025-08-24T10:39:50.794285",,true,false,"he","2ba91821-68f4-45c3-baeb-043fbb369e97",false,"he","2025-08-27T08:35:02.505045+00:00","6e37f0d2f806c4947eafac3e",,"#2563eb","#f59e0b","#ffffff",,"q_c62f4444f4fa6bc89791e639c088e99a",,"draft",,,"he",,"7fbfe81959635408","3fbd29f7923ef7ef"
"5a8bd0ac-5695-4439-b336-a105e1afbb54","2ba91821-68f4-45c3-baeb-043fbb369e97","ב","real_estate","{""primary"":""#16939B"",""secondary"":""#FFD500"",""background"":""#FFD500""}","https://lcazbaggfdejukjgkpeu.supabase.co/storage/v1/object/public/branding/branding/ae470d3c-3d84-4413-91c3-8787a8643f47/logo-1755111853450.webp","2025-08-24T12:29:46.520471",,true,false,"he","2ba91821-68f4-45c3-baeb-043fbb369e97",false,"he","2025-08-27T08:35:02.505045+00:00","3e97a9b0e0273dcd6c1d75e2",,"#2563eb","#f59e0b","#ffffff",,"58d373f18a716c5cf99110f5",,"draft",,,"he",,"44588701bff43955","c5f093eb239af57c"
"5ba371d0-7615-4d17-8b1c-f7e12d576974","ae470d3c-3d84-4413-91c3-8787a8643f47","שאלון ללא כותרת","real_estate","{""status"":""draft"",""language"":""he"",""company_name"":""gil"",""primary_color"":""#169a9c"",""secondary_color"":""#ff7300""}","https://lcazbaggfdejukjgkpeu.supabase.co/storage/v1/object/public/branding/branding/ae470d3c-3d84-4413-91c3-8787a8643f47/logo-1755111853450.webp","2025-08-24T20:01:06.785103",,true,false,"he","ae470d3c-3d84-4413-91c3-8787a8643f47",false,"he","2025-08-27T08:35:02.505045+00:00","a9eb0111e56582972a70f863",,"#2563eb","#f59e0b","#ffffff",,"ae639ec99cefad3403cfe95e",,"draft",,,"he",,"d487e2e0bf1761de","51467f8c7d3fb06c"
"cfcb6d8c-0eca-415a-832a-29f8018842bf","ae470d3c-3d84-4413-91c3-8787a8643f47","ניסיון נוסף ","real_estate","{""status"":""draft"",""language"":""he"",""company_name"":""gil"",""primary_color"":""#169a9c"",""secondary_color"":""#ff7300""}","https://lcazbaggfdejukjgkpeu.supabase.co/storage/v1/object/public/branding/branding/ae470d3c-3d84-4413-91c3-8787a8643f47/logo-1755111853450.webp","2025-08-26T15:48:26.702916",,true,false,"he","ae470d3c-3d84-4413-91c3-8787a8643f47",false,"he","2025-08-27T08:35:02.505045+00:00","7e93004eb8cce39cf4900669",,"#2563eb","#f59e0b","#ffffff",,,,"draft",,,"he",,"786e3a5e5847a1ea","b6ccdeed07164ef2"
"3c7ffbff-4eda-4021-8245-d56a922f4395","ae470d3c-3d84-4413-91c3-8787a8643f47","ghmuc","real_estate","{""status"":""draft"",""language"":""he"",""company_name"":""gil"",""primary_color"":""#169a9c"",""secondary_color"":""#ff7300""}","https://lcazbaggfdejukjgkpeu.supabase.co/storage/v1/object/public/branding/branding/ae470d3c-3d84-4413-91c3-8787a8643f47/logo-1755111853450.webp","2025-08-16T22:12:34.102137",,true,false,"he","ae470d3c-3d84-4413-91c3-8787a8643f47",true,"he","2025-08-27T08:35:02.505045+00:00","e8242faf87b627f3db1c3d4f",,"#2563eb","#f59e0b","#ffffff",,"63023012-ef01-444b-bcdc-afb2b5715766","{}","draft",,"ghmuc","he",,"4f86f9ab09b60c48","ca2e596b61184747"
"da90b0da-48a2-4ed5-8648-31e4088dc306","ae470d3c-3d84-4413-91c3-8787a8643f47","ghmuc","real_estate","{""status"":""draft"",""language"":""he"",""company_name"":""gil"",""primary_color"":""#169a9c"",""secondary_color"":""#ff7300""}","https://lcazbaggfdejukjgkpeu.supabase.co/storage/v1/object/public/branding/branding/ae470d3c-3d84-4413-91c3-8787a8643f47/logo-1755111853450.webp","2025-08-16T22:12:35.998296",,true,false,"he","ae470d3c-3d84-4413-91c3-8787a8643f47",true,"he","2025-08-27T08:35:02.505045+00:00","440c0ed525ac4fa53d63c781",,"#2563eb","#f59e0b","#ffffff",,"a60ff697-af3f-4915-b7a4-9bbd9418e136","{}","draft",,"ghmuc","he",,"e6c204b6e716c4bc","24c3cc2a487071a6"
"d0715d72-1e66-48e1-8a74-1b1bf4b55976","ae470d3c-3d84-4413-91c3-8787a8643f47","ghmuc","real_estate","{""primary"":""#169a9c"",""secondary"":""#ff7300"",""background"":""#ff7300""}","https://lcazbaggfdejukjgkpeu.supabase.co/storage/v1/object/public/branding/branding/ae470d3c-3d84-4413-91c3-8787a8643f47/logo-1755111853450.webp","2025-08-16T22:13:07.935684",,true,false,"he","ae470d3c-3d84-4413-91c3-8787a8643f47",true,"he","2025-08-27T08:35:02.505045+00:00","9d379bd985c5da8a94e536b5",,"#2563eb","#f59e0b","#ffffff",,"7b42f011-67b3-4d72-97cd-b1a38e3e96d6","{}","draft",,"ghmuc","he",,"ed18031ba1a3a4c9","a8a77d70612d27d7"
"b303ecd4-e74f-4574-b118-5fb2d9649a53","ae470d3c-3d84-4413-91c3-8787a8643f47","ב","real_estate","{""status"":""draft"",""language"":""he"",""company_name"":""gil"",""primary_color"":""#169a9c"",""secondary_color"":""#ff7300""}","https://lcazbaggfdejukjgkpeu.supabase.co/storage/v1/object/public/branding/branding/ae470d3c-3d84-4413-91c3-8787a8643f47/logo-1755111853450.webp","2025-08-16T22:14:48.746087",,true,false,"he","ae470d3c-3d84-4413-91c3-8787a8643f47",true,"he","2025-08-27T08:35:02.505045+00:00","67a6c316280a7419144ad0c7",,"#2563eb","#f59e0b","#ffffff",,"76bb835f-dbd9-4e56-892d-476c3026f8b9","{}","draft",,"ב","he",,"540d150e5ca01ff1","2e6c0d747a5ec089"
"82e6aaef-5b68-4740-a30c-f729be81a481","2ba91821-68f4-45c3-baeb-043fbb369e97","ניסיו 3 ","real_estate","{""primary"":""#16939B"",""secondary"":""#FFD500"",""background"":""#FFD500""}","https://lcazbaggfdejukjgkpeu.supabase.co/storage/v1/object/public/branding/branding/ae470d3c-3d84-4413-91c3-8787a8643f47/logo-1755111853450.webp","2025-08-24T11:29:20.279095",,true,false,"he","2ba91821-68f4-45c3-baeb-043fbb369e97",false,"he","2025-08-27T08:35:02.505045+00:00","7e647873278a0259c7c352ba",,"#2563eb","#f59e0b","#ffffff",,"q_a014c6d27c1f9a9c1b8b20ab46e6bec0",,"draft",,,"he",,"1c8405b51cccd043","94225d968e20f760"
"5f1d5f75-747b-4417-8c6a-2e0f7330939b","2ba91821-68f4-45c3-baeb-043fbb369e97","vfv","real_estate","{""primary"":""#16939B"",""secondary"":""#FFD500"",""background"":""#FFD500""}","https://lcazbaggfdejukjgkpeu.supabase.co/storage/v1/object/public/branding/branding/ae470d3c-3d84-4413-91c3-8787a8643f47/logo-1755111853450.webp","2025-08-24T13:04:43.534123",,true,false,"he","2ba91821-68f4-45c3-baeb-043fbb369e97",false,"he","2025-08-27T08:35:02.505045+00:00","24f92d7a33974b92017a4c60",,"#2563eb","#f59e0b","#ffffff",,"99b2fe99120defe37224fad1",,"draft",,,"he",,"48a7b60235aa259e","804f51d6953e36cd"
"154be63b-31ab-4c55-9433-50f118072871","ae470d3c-3d84-4413-91c3-8787a8643f47","שאלון ללא כותרת","real_estate","{""id"":""154be63b-31ab-4c55-9433-50f118072871"",""meta"":{""tags"":[],""title"":"""",""subtitle"":"""",""primaryLanguage"":""he"",""selectedChannel"":""landing"",""automationSettings"":{}},""title"":""שאלון ללא כותרת"",""status"":""draft"",""logoUrl"":""https://lcazbaggfdejukjgkpeu.supabase.co/storage/v1/object/public/branding/branding/ae470d3c-3d84-4413-91c3-8787a8643f47/logo-1755111853450.webp"",""category"":""real_estate"",""language"":""he"",""companyName"":""gil"",""is_published"":false,""primaryColor"":""#169a9c"",""public_token"":null,""secondaryColor"":""#ff7300""}","https://lcazbaggfdejukjgkpeu.supabase.co/storage/v1/object/public/branding/branding/ae470d3c-3d84-4413-91c3-8787a8643f47/logo-1755111853450.webp","2025-08-24T20:03:06.051952",,true,false,"he","ae470d3c-3d84-4413-91c3-8787a8643f47",false,"he","2025-08-27T08:35:02.505045+00:00","bfacb60cac1df1f6d395a46f",,"#2563eb","#f59e0b","#ffffff",,"f2bf2b423dd53d4422bb6393","{""selectedChannel"":""landing"",""automationSettings"":{""email"":{""body"":"""",""delay"":0,""enabled"":false,""subject"":"""",""template"":""welcome""},""whatsapp"":{""body"":"""",""delay"":0,""enabled"":false,""template"":""welcome_wa""}}}","draft",,,"he",,"233a2f5b5b1d72d1","3b6fcf2def008a32"
"ee8a5fc5-47f1-4414-9725-afd327eecd2e","ae470d3c-3d84-4413-91c3-8787a8643f47","שאלון ללא כותרת","real_estate","{""status"":""draft"",""language"":""he"",""company_name"":""gil"",""primary_color"":""#169a9c"",""secondary_color"":""#ff7300""}","https://lcazbaggfdejukjgkpeu.supabase.co/storage/v1/object/public/branding/branding/ae470d3c-3d84-4413-91c3-8787a8643f47/logo-1755111853450.webp","2025-08-26T16:03:21.527941",,true,false,"he","ae470d3c-3d84-4413-91c3-8787a8643f47",false,"he","2025-08-27T08:35:02.505045+00:00","f5074aec596f45a75e1ba6a0",,"#2563eb","#f59e0b","#ffffff",,,,"draft",,,"he",,"757f329e4ad05d6b","806aa34b3a911d46"
"2702f948-6780-4b31-a46b-9b214a5f13ce","ae470d3c-3d84-4413-91c3-8787a8643f47","שאלון ללא כותרת","real_estate","{""status"":""draft"",""language"":""he"",""company_name"":""gil"",""primary_color"":""#169a9c"",""secondary_color"":""#ff7300""}","https://lcazbaggfdejukjgkpeu.supabase.co/storage/v1/object/public/branding/branding/ae470d3c-3d84-4413-91c3-8787a8643f47/logo-1755111853450.webp","2025-08-26T16:03:41.717121",,true,false,"he","ae470d3c-3d84-4413-91c3-8787a8643f47",false,"he","2025-08-27T08:35:02.505045+00:00","c830063fde33c84f6a446d89",,"#2563eb","#f59e0b","#ffffff",,,,"draft",,,"he",,"407c40f166bd5f19","60e031a0c5278c36"
"173cee2e-5aae-419e-ad54-028ad8c61069","2ba91821-68f4-45c3-baeb-043fbb369e97","דג","insurance","{""status"":""draft"",""language"":""he"",""company_name"":""hoogi"",""primary_color"":""#16939B"",""secondary_color"":""#FFD500""}","https://lcazbaggfdejukjgkpeu.supabase.co/storage/v1/object/public/branding/branding/2ba91821-68f4-45c3-baeb-043fbb369e97/logo-1755126964499.webp","2025-08-17T07:14:17.129336",,true,false,"he","2ba91821-68f4-45c3-baeb-043fbb369e97",true,"he","2025-08-27T08:35:02.505045+00:00","d7b2db46137abfc100fa4454",,"#2563eb","#f59e0b","#ffffff",,"b65544fd-23d6-407e-b62f-1545e1217c7c","{}","draft",,"דג","he",,"cd7fcc0c7242701b","be43ad682b768075"
"6012d944-2f5f-4700-801d-cbb65f9811c0","2ba91821-68f4-45c3-baeb-043fbb369e97","דג","insurance","{""primary"":""#16939B"",""secondary"":""#FFD500"",""background"":""#FFD500""}","https://lcazbaggfdejukjgkpeu.supabase.co/storage/v1/object/public/branding/branding/2ba91821-68f4-45c3-baeb-043fbb369e97/logo-1755126964499.webp","2025-08-17T07:14:43.066954",,true,false,"he","2ba91821-68f4-45c3-baeb-043fbb369e97",true,"he","2025-08-27T08:35:02.505045+00:00","37a712e713620033c9b6ae16",,"#2563eb","#f59e0b","#ffffff",,"8ca73a07-fe88-43c7-9ee2-c7647596757b","{}","draft",,"דג","he",,"a39c52277c0f255e","121c885d0a544f46"
"c8f1c8a3-9bf2-4f5e-8e28-a064830ce792","2ba91821-68f4-45c3-baeb-043fbb369e97","vfv","insurance","{""primary"":""#16939B"",""secondary"":""#FFD500"",""background"":""#FFD500""}","https://lcazbaggfdejukjgkpeu.supabase.co/storage/v1/object/public/branding/branding/2ba91821-68f4-45c3-baeb-043fbb369e97/logo-1755126964499.webp","2025-08-15T11:40:05.326767",,true,false,"he","2ba91821-68f4-45c3-baeb-043fbb369e97",true,"he","2025-08-27T08:35:02.505045+00:00","ed16032a044ce6c5a729f008",,"#2563eb","#f59e0b","#ffffff",,"26b9cd65-b397-4a84-bd14-db168c6bfccd","{}","draft",,"vfv","he",,"64afbe1060dac234","6dc60b74e9ce3d4f"
"b9c593c8-7558-4658-bb9c-809df0253782","2ba91821-68f4-45c3-baeb-043fbb369e97","ghmuc","insurance","{""status"":""draft"",""language"":""he"",""company_name"":""hoogi"",""primary_color"":""#16939B"",""secondary_color"":""#FFD500""}","https://lcazbaggfdejukjgkpeu.supabase.co/storage/v1/object/public/branding/branding/2ba91821-68f4-45c3-baeb-043fbb369e97/logo-1755126964499.webp","2025-08-17T12:29:04.92553",,true,false,"he","2ba91821-68f4-45c3-baeb-043fbb369e97",true,"he","2025-08-27T08:35:02.505045+00:00","d561d31a650e93bce04b9ef5",,"#2563eb","#f59e0b","#ffffff",,"f29b53d9-5c22-4f5a-902e-e0d6f38b5968","{}","draft",,"ghmuc","he",,"811d9afe05c8a378","59db783ec5bcf0b8"
"9a0d58ca-da9f-42de-95aa-f75a6bdefe16","ae470d3c-3d84-4413-91c3-8787a8643f47","ניסיון נוסף ","real_estate","{""status"":""draft"",""language"":""he"",""company_name"":""gil"",""primary_color"":""#169a9c"",""secondary_color"":""#ff7300""}","https://lcazbaggfdejukjgkpeu.supabase.co/storage/v1/object/public/branding/branding/ae470d3c-3d84-4413-91c3-8787a8643f47/logo-1755111853450.webp","2025-08-26T17:00:23.880354",,true,false,"he","ae470d3c-3d84-4413-91c3-8787a8643f47",false,"he","2025-08-27T08:35:02.505045+00:00","c9cef52d89ff9960261891a3",,"#2563eb","#f59e0b","#ffffff",,,,"draft",,,"he",,"de50cc3c0dbc55ec","64d4373153380f21"
"c3cee164-0f2c-405f-a354-14ad5771ae63","ae470d3c-3d84-4413-91c3-8787a8643f47","ניסיו 3 ","real_estate","{""status"":""draft"",""language"":""he"",""company_name"":""gil"",""primary_color"":""#169a9c"",""secondary_color"":""#ff7300""}","https://lcazbaggfdejukjgkpeu.supabase.co/storage/v1/object/public/branding/branding/ae470d3c-3d84-4413-91c3-8787a8643f47/logo-1755111853450.webp","2025-08-23T12:47:31.502701",,true,false,"he","ae470d3c-3d84-4413-91c3-8787a8643f47",true,"he","2025-08-27T08:35:02.505045+00:00","c3cee164-0f2c-405f-a354-14ad5771ae63_651e48d6",,"#2563eb","#f59e0b","#ffffff",,"c3cee164-0f2c-405f-a354-14ad5771ae63_2e54c4e8","{}","draft",," 3 ","he",,"0f611b792e2c125d","87f510e7d169e453"
"b5dca3e4-f7fe-4e06-8b2b-f997f12b43d2","2ba91821-68f4-45c3-baeb-043fbb369e97","ניסיו 3 ","real_estate","{""primary"":""#16939B"",""secondary"":""#FFD500"",""background"":""#FFD500""}","https://lcazbaggfdejukjgkpeu.supabase.co/storage/v1/object/public/branding/branding/ae470d3c-3d84-4413-91c3-8787a8643f47/logo-1755111853450.webp","2025-08-24T11:32:35.464507",,true,false,"he","2ba91821-68f4-45c3-baeb-043fbb369e97",false,"he","2025-08-27T08:35:02.505045+00:00","03e4640934bde2331326ec43",,"#2563eb","#f59e0b","#ffffff",,"q_74304a53d83e46e7f1bf2feda4f6f5f9",,"draft",,,"he",,"c7cfbf43d96c21b6","77ec6bdb23168fa6"
"2b1f8056-5bc6-4cfc-b073-3f60793a0a0a","ae470d3c-3d84-4413-91c3-8787a8643f47","ג","real_estate","{""status"":""draft"",""language"":""he"",""company_name"":""gil"",""primary_color"":""#169a9c"",""secondary_color"":""#ff7300""}","https://lcazbaggfdejukjgkpeu.supabase.co/storage/v1/object/public/branding/branding/ae470d3c-3d84-4413-91c3-8787a8643f47/logo-1755111853450.webp","2025-08-17T18:01:16.104225",,true,false,"he","ae470d3c-3d84-4413-91c3-8787a8643f47",true,"he","2025-08-27T08:35:02.505045+00:00","7343dee8ccca53e229d9a4ff",,"#2563eb","#f59e0b","#ffffff",,"0055de3b-7707-4bcf-819d-6055033881b1","{}","draft",,"ג","he",,"50b4f3a48a84aca0","dfc7671672a99000"
"33207b6c-c425-47fa-935a-e478ddc9817f","ae470d3c-3d84-4413-91c3-8787a8643f47","כ","real_estate","{""status"":""draft"",""language"":""he"",""company_name"":""gil"",""primary_color"":""#169a9c"",""secondary_color"":""#ff7300""}","https://lcazbaggfdejukjgkpeu.supabase.co/storage/v1/object/public/branding/branding/ae470d3c-3d84-4413-91c3-8787a8643f47/logo-1755111853450.webp","2025-08-17T18:02:26.42037",,true,false,"he","ae470d3c-3d84-4413-91c3-8787a8643f47",true,"he","2025-08-27T08:35:02.505045+00:00","f30c67963c1aaadd9e111180",,"#2563eb","#f59e0b","#ffffff",,"91897778-3474-45d2-8206-79030aa193e0","{}","draft",,"כ","he",,"35e17370d367e452","2d675f35f297ebc9"
"a99f85c3-6374-42d1-be66-2f8e437a6620","ae470d3c-3d84-4413-91c3-8787a8643f47","דג","real_estate","{""status"":""draft"",""language"":""he"",""company_name"":""gil"",""primary_color"":""#169a9c"",""secondary_color"":""#ff7300""}","https://lcazbaggfdejukjgkpeu.supabase.co/storage/v1/object/public/branding/branding/ae470d3c-3d84-4413-91c3-8787a8643f47/logo-1755111853450.webp","2025-08-17T19:10:46.807698",,true,false,"he","ae470d3c-3d84-4413-91c3-8787a8643f47",true,"he","2025-08-27T08:35:02.505045+00:00","a4588ef157752a71380b288e",,"#2563eb","#f59e0b","#ffffff",,"7d16fb3d-b4cc-4c6d-8d21-ea8bf2c04913","{}","published",,"דג","he",,"e86d42c185cbb6cc","45bc7b4fb89935ea"
"719d0cc1-2162-4a68-a568-98a2498dc87f","2ba91821-68f4-45c3-baeb-043fbb369e97","רק","insurance","{""status"":""draft"",""language"":""he"",""company_name"":""hoogi"",""primary_color"":""#16939B"",""secondary_color"":""#FFD500""}","https://lcazbaggfdejukjgkpeu.supabase.co/storage/v1/object/public/branding/branding/2ba91821-68f4-45c3-baeb-043fbb369e97/logo-1755126964499.webp","2025-08-20T14:44:41.017393",,true,false,"he","2ba91821-68f4-45c3-baeb-043fbb369e97",true,"he","2025-08-27T08:35:02.505045+00:00","058f4a2c48bedd7745ce2127",,"#2563eb","#f59e0b","#ffffff",,"1e851a3ca2054512a1fb0c7cb064539e","{}","draft","2025-08-20T14:44:46.735+00:00","רק","he",,"b5c579922c455bde","41f422b0b1a93667"
"62cab6ca-f731-4d8d-a51c-4ce57f5a1bc1","2ba91821-68f4-45c3-baeb-043fbb369e97","r","insurance","{""status"":""draft"",""language"":""he"",""company_name"":""hoogi"",""primary_color"":""#16939B"",""secondary_color"":""#FFD500""}","https://lcazbaggfdejukjgkpeu.supabase.co/storage/v1/object/public/branding/branding/2ba91821-68f4-45c3-baeb-043fbb369e97/logo-1755126964499.webp","2025-08-17T20:04:36.839441",,true,false,"he","2ba91821-68f4-45c3-baeb-043fbb369e97",true,"he","2025-08-27T08:35:02.505045+00:00","db4797251f9b3444f006ac5d",,"#2563eb","#f59e0b","#ffffff",,"96832b9d-bf5f-47f9-9280-bb7005b826e5","{}","published",,"r","he",,"99a41297bb32798e","c6b06071e3557552"
"9df25beb-ac98-4e8a-96ff-4d95ad8e54e2","ae470d3c-3d84-4413-91c3-8787a8643f47","ניסיו 3 ","real_estate","{""status"":""draft"",""language"":""he"",""company_name"":""gil"",""primary_color"":""#169a9c"",""secondary_color"":""#ff7300""}","https://lcazbaggfdejukjgkpeu.supabase.co/storage/v1/object/public/branding/branding/ae470d3c-3d84-4413-91c3-8787a8643f47/logo-1755111853450.webp","2025-08-24T20:04:59.560583",,true,false,"he","ae470d3c-3d84-4413-91c3-8787a8643f47",false,"he","2025-08-27T08:35:02.505045+00:00","be6887cbc0633a23c1720bb9",,"#2563eb","#f59e0b","#ffffff",,"06097960f4f22410ecbf26f0",,"draft",,,"he",,"c23cb8f0a1d2f969","78c13531584792b6"
"105bd5e1-4f63-4a65-be6e-69494b66e98d","ae470d3c-3d84-4413-91c3-8787a8643f47","שאלון ללא כותרת","real_estate","{""status"":""draft"",""language"":""he"",""company_name"":""gil"",""primary_color"":""#169a9c"",""secondary_color"":""#ff7300""}","https://lcazbaggfdejukjgkpeu.supabase.co/storage/v1/object/public/branding/branding/ae470d3c-3d84-4413-91c3-8787a8643f47/logo-1755111853450.webp","2025-08-26T16:06:04.224495",,true,false,"he","ae470d3c-3d84-4413-91c3-8787a8643f47",false,"he","2025-08-27T08:35:02.505045+00:00","562dfc605238498364c7160d",,"#2563eb","#f59e0b","#ffffff",,,,"draft",,,"he",,"38637832a26e0f7e","80f03328c14ca0e3"
"f4012635-8b1c-4f44-98ed-05ba77c044bb","ae470d3c-3d84-4413-91c3-8787a8643f47","שאלון ללא כותרת","real_estate","{""status"":""draft"",""language"":""he"",""company_name"":""gil"",""primary_color"":""#169a9c"",""secondary_color"":""#ff7300""}","https://lcazbaggfdejukjgkpeu.supabase.co/storage/v1/object/public/branding/branding/ae470d3c-3d84-4413-91c3-8787a8643f47/logo-1755111853450.webp","2025-08-23T16:34:15.576129",,true,false,"he","ae470d3c-3d84-4413-91c3-8787a8643f47",true,"he","2025-08-27T08:35:02.505045+00:00","f4012635-8b1c-4f44-98ed-05ba77c044bb_5c5e0b06",,"#2563eb","#f59e0b","#ffffff",,"f4012635-8b1c-4f44-98ed-05ba77c044bb_3109e946","{}","draft","2025-08-23T16:35:24.289+00:00","  ","he",,"7218b6e6304ef027","bb49aedc149d70ad"
"b6e936e8-5e62-4b8e-b060-6637d32d7483","ae470d3c-3d84-4413-91c3-8787a8643f47","שאלון ללא כותרת","real_estate","{""status"":""draft"",""language"":""he"",""company_name"":""gil"",""primary_color"":""#169a9c"",""secondary_color"":""#ff7300""}","https://lcazbaggfdejukjgkpeu.supabase.co/storage/v1/object/public/branding/branding/ae470d3c-3d84-4413-91c3-8787a8643f47/logo-1755111853450.webp","2025-08-20T13:57:50.410647",,true,false,"he","ae470d3c-3d84-4413-91c3-8787a8643f47",true,"he","2025-08-27T08:35:02.505045+00:00","1b4cac5ed9be213165271353",,"#2563eb","#f59e0b","#ffffff",,"bb18b51dfa624f3a9b9fb0081b3238d2","{}","draft","2025-08-20T13:58:49.087+00:00","שאלון-ללא-כותרת","he",,"b742cf31abe8a687","bbf0e81ec0812bb8"
"db1132e3-4c79-4856-be3c-84983b662a04","ae470d3c-3d84-4413-91c3-8787a8643f47","k","real_estate","{""status"":""draft"",""language"":""he"",""company_name"":""gil"",""primary_color"":""#169a9c"",""secondary_color"":""#ff7300""}","https://lcazbaggfdejukjgkpeu.supabase.co/storage/v1/object/public/branding/branding/ae470d3c-3d84-4413-91c3-8787a8643f47/logo-1755111853450.webp","2025-08-20T15:22:24.891731",,true,false,"he","ae470d3c-3d84-4413-91c3-8787a8643f47",true,"he","2025-08-27T08:35:02.505045+00:00","752c4154dc33d1c17a4b1d1a",,"#2563eb","#f59e0b","#ffffff",,"ccc2d41f-e444-469a-9fd0-4ed3ff2cbab8","{}","draft",,"k","he",,"d2c2c6bae3c741fe","aee03b93d3787c6e"
"c88f7f18-8552-4d05-9357-53905d1e27ea","2ba91821-68f4-45c3-baeb-043fbb369e97","vfv","insurance","{""status"":""draft"",""language"":""he"",""company_name"":""hoogi"",""primary_color"":""#16939B"",""secondary_color"":""#FFD500""}","https://lcazbaggfdejukjgkpeu.supabase.co/storage/v1/object/public/branding/branding/2ba91821-68f4-45c3-baeb-043fbb369e97/logo-1755126964499.webp","2025-08-23T21:17:56.990067",,true,false,"he","2ba91821-68f4-45c3-baeb-043fbb369e97",false,"he","2025-08-27T08:35:02.505045+00:00","5ceaaee204640d41ae69a3ec",,"#2563eb","#f59e0b","#ffffff",,"q_873a961f9d5539c4e3bd95a2c9874d09","{""distribution"":{""waText"":""שלום! נשמח שתקדישו דקה למלא את השאלון: vfv"",""channel"":""link"",""emailBody"":""שלום, נשמח לקבל את חוות דעתך בטופס הבא:\nvfv\n\nתודה!"",""emailSubject"":""vfv: נשמח לשמוע ממך""}}","draft",,,"he",,"fa8d0c702f0a7a4b","3a2bfb7acb83162a"
"63dd2045-cad4-4bbb-81ef-5440650c98cc","2ba91821-68f4-45c3-baeb-043fbb369e97","ניסיון נוסף ","insurance","{""status"":""draft"",""language"":""he"",""company_name"":""hoogi"",""primary_color"":""#16939B"",""secondary_color"":""#FFD500""}","https://lcazbaggfdejukjgkpeu.supabase.co/storage/v1/object/public/branding/branding/2ba91821-68f4-45c3-baeb-043fbb369e97/logo-1755126964499.webp","2025-08-20T14:36:17.021173",,true,false,"he","2ba91821-68f4-45c3-baeb-043fbb369e97",true,"he","2025-08-27T08:35:02.505045+00:00","38d032f1704f5ed6ae8753b0",,"#2563eb","#f59e0b","#ffffff",,"833b59b14b424272b834d952b20f17e7","{}","draft","2025-08-20T14:36:25.282+00:00","ניסיון-נוסף","he",,"92f828a72893165a","7effe7e96328d6a3"
"2d325400-75f0-425e-b3f1-9b0e77a0fe23","2ba91821-68f4-45c3-baeb-043fbb369e97","vfv","insurance","{""status"":""draft"",""language"":""he"",""company_name"":""hoogi"",""primary_color"":""#16939B"",""secondary_color"":""#FFD500""}","https://lcazbaggfdejukjgkpeu.supabase.co/storage/v1/object/public/branding/branding/2ba91821-68f4-45c3-baeb-043fbb369e97/logo-1755126964499.webp","2025-08-23T23:26:54.811311",,true,false,"he","2ba91821-68f4-45c3-baeb-043fbb369e97",false,"he","2025-08-27T08:35:02.505045+00:00","4a873e30d5e0d661cc77ef95",,"#2563eb","#f59e0b","#ffffff",,"q_c2d64543a6741e977d1d2a775ef45b04","{""autoNotify"":false,""distribution"":{""waText"":""שלום! נשמח שתקדישו דקה למלא את השאלון: vfv"",""channel"":""link"",""emailBody"":""שלום, נשמח לקבל את חוות דעתך בטופס הבא:\nvfv\n\nתודה!"",""emailSubject"":""vfv: נשמח לשמוע ממך""},""endCustomerMessage"":{""body"":""שלום, נשמח לקבל את חוות דעתך בטופס הבא:\nvfv\n\nתודה!"",""waText"":""שלום! נשמח שתקדישו דקה למלא את השאלון: vfv"",""subject"":""vfv: נשמח לשמוע ממך""}}","draft",,,"he",,"f40d4a1a13d06829","711436e06febc090"
"ca727cbd-5c20-49cc-a0e5-fc72059092bd","2ba91821-68f4-45c3-baeb-043fbb369e97","ניסיו 3 ","real_estate","{""primary"":""#16939B"",""secondary"":""#FFD500"",""background"":""#FFD500""}","https://lcazbaggfdejukjgkpeu.supabase.co/storage/v1/object/public/branding/branding/ae470d3c-3d84-4413-91c3-8787a8643f47/logo-1755111853450.webp","2025-08-24T11:35:14.660049",,true,false,"he","2ba91821-68f4-45c3-baeb-043fbb369e97",false,"he","2025-08-27T08:35:02.505045+00:00","0fb546e161e6c44fc6bcfbf9",,"#2563eb","#f59e0b","#ffffff",,"q_79dfe41028e282c1e3eab6227c27eaad",,"draft",,,"he",,"5ef4754289c08d96","e9fd4d8477711ed1"
"653d117c-acff-4b84-b38b-150372e714b7","ae470d3c-3d84-4413-91c3-8787a8643f47","רק","real_estate","{""primary"":""#169a9c"",""secondary"":""#ff7300"",""background"":""#ff7300""}","https://lcazbaggfdejukjgkpeu.supabase.co/storage/v1/object/public/branding/branding/ae470d3c-3d84-4413-91c3-8787a8643f47/logo-1755111853450.webp","2025-08-24T13:12:50.794978",,true,false,"he","ae470d3c-3d84-4413-91c3-8787a8643f47",false,"he","2025-08-27T08:35:02.505045+00:00","75da2005e3661375016dbcd0",,"#2563eb","#f59e0b","#ffffff",,"ab0fa7332c5386927084a277",,"draft",,,"he",,"3cb418beeb40e50f","988133302b056887"
"924fadf3-5e26-4006-88ef-f421a6ff0372","ae470d3c-3d84-4413-91c3-8787a8643f47","ניסיו 3 ","real_estate","{""status"":""draft"",""language"":""he"",""company_name"":""gil"",""primary_color"":""#169a9c"",""secondary_color"":""#ff7300""}","https://lcazbaggfdejukjgkpeu.supabase.co/storage/v1/object/public/branding/branding/ae470d3c-3d84-4413-91c3-8787a8643f47/logo-1755111853450.webp","2025-08-24T23:07:17.987227",,true,false,"he","ae470d3c-3d84-4413-91c3-8787a8643f47",false,"he","2025-08-27T08:35:02.505045+00:00","853b3abb5d0516d19ffd7ad2",,"#2563eb","#f59e0b","#ffffff",,"239ce1e78837cc6368fa0b36",,"draft",,,"he",,"b3802c642ed77181","d660d3167e0decc9"
"5c99806d-cad3-43b9-86f1-49b8b7db1d80","ae470d3c-3d84-4413-91c3-8787a8643f47","שאלון ללא כותרת","real_estate","{""status"":""draft"",""language"":""he"",""company_name"":""gil"",""primary_color"":""#169a9c"",""secondary_color"":""#ff7300""}","https://lcazbaggfdejukjgkpeu.supabase.co/storage/v1/object/public/branding/branding/ae470d3c-3d84-4413-91c3-8787a8643f47/logo-1755111853450.webp","2025-08-26T16:55:56.090288",,true,false,"he","ae470d3c-3d84-4413-91c3-8787a8643f47",false,"he","2025-08-27T08:35:02.505045+00:00","7f14767d7c7bab9c95049f1f",,"#2563eb","#f59e0b","#ffffff",,,,"draft",,,"he",,"0bbf967efc8c5f36","8f8ea0a3378ce086"
"eaa50ea0-4cc4-45a2-be13-e1a3f64eae20","ae470d3c-3d84-4413-91c3-8787a8643f47","ב","real_estate","{""status"":""draft"",""language"":""he"",""company_name"":""gil"",""primary_color"":""#169a9c"",""secondary_color"":""#ff7300""}","https://lcazbaggfdejukjgkpeu.supabase.co/storage/v1/object/public/branding/branding/ae470d3c-3d84-4413-91c3-8787a8643f47/logo-1755111853450.webp","2025-08-15T13:17:30.741718",,true,false,"he","ae470d3c-3d84-4413-91c3-8787a8643f47",true,"he","2025-08-27T08:35:02.505045+00:00","8847af07aae2e9dc19c42c72",,"#2563eb","#f59e0b","#ffffff",,"ac2faed1-b03a-4343-b591-7927b64f987c","{}","draft",,"ב","he",,"e79a9d5fe69b55ac","4724a125d05e2708"
"45c8d7b3-a61c-40b9-8611-1659f35fb3de","2ba91821-68f4-45c3-baeb-043fbb369e97","רק","insurance","{""status"":""draft"",""language"":""he"",""company_name"":""hoogi"",""primary_color"":""#16939B"",""secondary_color"":""#FFD500""}","https://lcazbaggfdejukjgkpeu.supabase.co/storage/v1/object/public/branding/branding/2ba91821-68f4-45c3-baeb-043fbb369e97/logo-1755126964499.webp","2025-08-16T09:56:20.687363",,true,false,"he","2ba91821-68f4-45c3-baeb-043fbb369e97",true,"he","2025-08-27T08:35:02.505045+00:00","8412a862d1fc3ee9d8f638c0",,"#2563eb","#f59e0b","#ffffff",,"4ffd0ec1-6e0e-4f9f-b62d-7a062459cb5c","{}","draft",,"רק","he",,"4ed373201da4fa3c","71df8f98ab000d70"
"f4bbfaa9-e2d8-46b5-9d8f-4c7ef602ad73","ae470d3c-3d84-4413-91c3-8787a8643f47","vfv","real_estate","{""status"":""draft"",""language"":""he"",""company_name"":""gil"",""primary_color"":""#169a9c"",""secondary_color"":""#ff7300""}","https://lcazbaggfdejukjgkpeu.supabase.co/storage/v1/object/public/branding/branding/ae470d3c-3d84-4413-91c3-8787a8643f47/logo-1755111853450.webp","2025-08-23T22:00:17.583017",,true,false,"he","ae470d3c-3d84-4413-91c3-8787a8643f47",false,"he","2025-08-27T08:35:02.505045+00:00","9532dc57baa921fc0e4e462b",,"#2563eb","#f59e0b","#ffffff",,"q_0bc7ed31ca08bda3067b83ef18bb23d0","{""distribution"":{""waText"":""שלום! נשמח שתקדישו דקה למלא את השאלון: vfv"",""channel"":""link"",""emailBody"":""שלום, נשמח לקבל את חוות דעתך בטופס הבא:\nvfv\n\nתודה!"",""emailSubject"":""vfv: נשמח לשמוע ממך""}}","draft",,,"he",,"d835b7f81a401ee8","e2c6bff1f148149a"
"0332a133-f0e9-4f7d-ab20-f99d7fc5fcc6","2ba91821-68f4-45c3-baeb-043fbb369e97","vfv",,,,"2025-08-23T23:40:22.836",,true,false,"he","2ba91821-68f4-45c3-baeb-043fbb369e97",false,"he","2025-08-27T08:35:02.505045+00:00","77fc9edf75fb0520668d36b4",,"#2563eb","#f59e0b","#ffffff",,"q_ca8aeb412a3082ec4caf713528af195a","{""brand"":{},""autoNotify"":false,""distribution"":{""waText"":""שלום! נשמח שתקדישו דקה למלא את השאלון: vfv"",""channel"":""link"",""emailBody"":""שלום, נשמח לקבל את חוות דעתך בטופס הבא:\nvfv\n\nתודה!"",""emailSubject"":""vfv: נשמח לשמוע ממך""},""endCustomerMessage"":{""body"":""שלום, נשמח לקבל את חוות דעתך בטופס הבא:\nvfv\n\nתודה!"",""waText"":""שלום! נשמח שתקדישו דקה למלא את השאלון: vfv"",""subject"":""vfv: נשמח לשמוע ממך""}}","draft",,,"he",,"d4242278a3451934","4712bee931a80041"
"6a8b11ee-227d-4223-8208-4a65b8d81069","ae470d3c-3d84-4413-91c3-8787a8643f47","ב",,,,"2025-08-23T23:52:36.826",,true,false,"he","ae470d3c-3d84-4413-91c3-8787a8643f47",false,"he","2025-08-27T08:35:02.505045+00:00","794185403449830c5b4e8ce7",,"#2563eb","#f59e0b","#ffffff",,"q_330e207aa3c4523c8e48bb0e5949ac26","{""brand"":{},""autoNotify"":false,""distribution"":{""waText"":""שלום! נשמח שתקדישו דקה למלא את השאלון: ב"",""channel"":""link"",""emailBody"":""שלום, נשמח לקבל את חוות דעתך בטופס הבא:\nב\n\nתודה!"",""emailSubject"":""ב: נשמח לשמוע ממך""},""endCustomerMessage"":{""body"":""שלום, נשמח לקבל את חוות דעתך בטופס הבא:\nב\n\nתודה!"",""waText"":""שלום! נשמח שתקדישו דקה למלא את השאלון: ב"",""subject"":""ב: נשמח לשמוע ממך""}}","draft",,,"he",,"d92cae7a305a34aa","3044ef40147201cb"
"cd894b4f-0190-4c0d-8bd6-59346697c6af","ae470d3c-3d84-4413-91c3-8787a8643f47","vfv","real_estate","{""primary"":""#169a9c"",""secondary"":""#ff7300"",""background"":""#ff7300""}","https://lcazbaggfdejukjgkpeu.supabase.co/storage/v1/object/public/branding/branding/ae470d3c-3d84-4413-91c3-8787a8643f47/logo-1755111853450.webp","2025-08-24T13:46:31.900395",,true,false,"he","ae470d3c-3d84-4413-91c3-8787a8643f47",false,"he","2025-08-27T08:35:02.505045+00:00","f324a47e3eb1c9c1cf1e3fe5",,"#2563eb","#f59e0b","#ffffff",,"85b16b69fa05275b5992ef2e",,"draft",,,"he",,"3fcc4563bc28db13","4807cf487cf3aed7"
"f5527ecc-8504-4bde-8196-d3ca9a9b114c","2ba91821-68f4-45c3-baeb-043fbb369e97","ניסיון נוסף ","real_estate","{""status"":""draft"",""language"":""he"",""company_name"":""gil "",""primary_color"":""#16939B"",""secondary_color"":""#FFD500""}","https://lcazbaggfdejukjgkpeu.supabase.co/storage/v1/object/public/branding/branding/ae470d3c-3d84-4413-91c3-8787a8643f47/logo-1755111853450.webp","2025-08-25T11:46:45.701724",,true,false,"he","2ba91821-68f4-45c3-baeb-043fbb369e97",false,"he","2025-08-27T08:35:02.505045+00:00","0db29774b10721aa5409969b",,"#2563eb","#f59e0b","#ffffff",,"06748a996203ae297040f854",,"draft",,,"he",,"c1264ff10573a8b2","eb2d62659b826e94"
"06b9179f-f194-42af-9c8d-0c2292d34e1f","ae470d3c-3d84-4413-91c3-8787a8643f47","כ","real_estate","{""primary"":""#169a9c"",""secondary"":""#ff7300"",""background"":""#ff7300""}","https://lcazbaggfdejukjgkpeu.supabase.co/storage/v1/object/public/branding/branding/ae470d3c-3d84-4413-91c3-8787a8643f47/logo-1755111853450.webp","2025-08-17T18:03:52.300024",,true,false,"he","ae470d3c-3d84-4413-91c3-8787a8643f47",true,"he","2025-08-27T08:35:02.505045+00:00","a3ee1357ad38115301b3456a",,"#2563eb","#f59e0b","#ffffff",,"83b29b2b-47c6-46e4-b777-a1e2259061aa","{}","draft",,"כ","he",,"8adad5ea872ef9e1","5f977358f8f8ee4c"
"98f1e864-a00e-4fd0-99bf-0de4419c1b80","2ba91821-68f4-45c3-baeb-043fbb369e97","ב","insurance","{""status"":""draft"",""language"":""he"",""company_name"":""hoogi"",""primary_color"":""#16939B"",""secondary_color"":""#FFD500""}","https://lcazbaggfdejukjgkpeu.supabase.co/storage/v1/object/public/branding/branding/2ba91821-68f4-45c3-baeb-043fbb369e97/logo-1755126964499.webp","2025-08-16T22:41:29.642885",,true,false,"he","2ba91821-68f4-45c3-baeb-043fbb369e97",true,"he","2025-08-27T08:35:02.505045+00:00","b18309775f1b54f0a9b401a2",,"#2563eb","#f59e0b","#ffffff",,"0323f87e-5988-4149-9036-dd49fddbffaa","{}","draft",,"ב","he",,"6ffcece7a963702d","852befaecdc425a8"
"f2bafdf8-6e75-4a47-8f21-8915c50a9e1c","2ba91821-68f4-45c3-baeb-043fbb369e97","ה","insurance","{""status"":""draft"",""language"":""he"",""company_name"":""hoogi"",""primary_color"":""#16939B"",""secondary_color"":""#FFD500""}","https://lcazbaggfdejukjgkpeu.supabase.co/storage/v1/object/public/branding/branding/2ba91821-68f4-45c3-baeb-043fbb369e97/logo-1755126964499.webp","2025-08-17T17:02:58.734322",,true,false,"he","2ba91821-68f4-45c3-baeb-043fbb369e97",true,"he","2025-08-27T08:35:02.505045+00:00","d6c0ea89de53e715c805eb99",,"#2563eb","#f59e0b","#ffffff",,"96bdfd28-dfc5-4f3d-ae91-fae82c385f5d","{}","draft",,"ה","he",,"49a836b2dcd51663","8b77e41a08e6702b"
"af5a8a89-ffb5-4a00-9ed8-a37ea39fc0f5","2ba91821-68f4-45c3-baeb-043fbb369e97","ה","insurance","{""primary"":""#16939B"",""secondary"":""#FFD500"",""background"":""#FFD500""}","https://lcazbaggfdejukjgkpeu.supabase.co/storage/v1/object/public/branding/branding/2ba91821-68f4-45c3-baeb-043fbb369e97/logo-1755126964499.webp","2025-08-17T17:03:16.300079",,true,false,"he","2ba91821-68f4-45c3-baeb-043fbb369e97",true,"he","2025-08-27T08:35:02.505045+00:00","f6e823a012b64b04ecf0c456",,"#2563eb","#f59e0b","#ffffff",,"c21fa706-80a0-446e-a8f2-dcc7ef1259e0","{}","draft",,"ה","he",,"a477bc3dc8185f9c","5601b1f0c4490268"
"3d9dab2a-62ff-49f7-ba20-5c5a959e44bc","2ba91821-68f4-45c3-baeb-043fbb369e97","g","insurance","{""status"":""draft"",""language"":""he"",""company_name"":""hoogi"",""primary_color"":""#16939B"",""secondary_color"":""#FFD500""}","https://lcazbaggfdejukjgkpeu.supabase.co/storage/v1/object/public/branding/branding/2ba91821-68f4-45c3-baeb-043fbb369e97/logo-1755126964499.webp","2025-08-17T20:23:34.127527",,true,false,"he","2ba91821-68f4-45c3-baeb-043fbb369e97",true,"he","2025-08-27T08:35:02.505045+00:00","377512c11a8f8c5198bc0928",,"#2563eb","#f59e0b","#ffffff",,"1c3273fb-6254-4fc7-8efd-2cbb14e5d08f","{}","published",,"g","he",,"3c0ba051c6027249","e7506a35c4daa32f"
"4f5333b7-5970-48b1-b520-78af0908aa5e","ae470d3c-3d84-4413-91c3-8787a8643f47","דג","real_estate","{""status"":""draft"",""language"":""he"",""company_name"":""gil"",""primary_color"":""#169a9c"",""secondary_color"":""#ff7300""}","https://lcazbaggfdejukjgkpeu.supabase.co/storage/v1/object/public/branding/branding/ae470d3c-3d84-4413-91c3-8787a8643f47/logo-1755111853450.webp","2025-08-17T21:37:33.008261",,true,false,"he","ae470d3c-3d84-4413-91c3-8787a8643f47",true,"he","2025-08-27T08:35:02.505045+00:00","81f1f3475f3ec6e03bda4f07",,"#2563eb","#f59e0b","#ffffff",,"9b67794e-8de4-4a08-bb9b-3858172c2435","{}","draft",,"דג","he",,"e19215693c7e58b8","31d0af8c238d5988"
"e783a099-2234-493a-be2a-18837a9de9bc","ae470d3c-3d84-4413-91c3-8787a8643f47","דג","real_estate","{""status"":""draft"",""language"":""he"",""company_name"":""gil"",""primary_color"":""#169a9c"",""secondary_color"":""#ff7300""}","https://lcazbaggfdejukjgkpeu.supabase.co/storage/v1/object/public/branding/branding/ae470d3c-3d84-4413-91c3-8787a8643f47/logo-1755111853450.webp","2025-08-18T19:10:49.039751",,true,false,"he","ae470d3c-3d84-4413-91c3-8787a8643f47",true,"he","2025-08-27T08:35:02.505045+00:00","93aa501a6673482fd1e50b80",,"#2563eb","#f59e0b","#ffffff",,"9cb0aac4-0c3c-4473-8a03-0d4a5fb15fb1","{}","draft",,"דג","he",,"5e2e41b366f3fa67","c8523ea70b238d28"
"a6ccbac9-bd4b-4948-87f1-21a001caacfd","ae470d3c-3d84-4413-91c3-8787a8643f47","דג","real_estate","{""status"":""draft"",""language"":""he"",""company_name"":""gil"",""primary_color"":""#169a9c"",""secondary_color"":""#ff7300""}","https://lcazbaggfdejukjgkpeu.supabase.co/storage/v1/object/public/branding/branding/ae470d3c-3d84-4413-91c3-8787a8643f47/logo-1755111853450.webp","2025-08-19T09:05:17.257101",,true,false,"he","ae470d3c-3d84-4413-91c3-8787a8643f47",true,"he","2025-08-27T08:35:02.505045+00:00","15795b041b77554853d218aa",,"#2563eb","#f59e0b","#ffffff",,"92a08065-0ec7-44f4-be11-731322efc2a9","{}","draft",,"דג","he",,"0f70a8e9cbf7c34f","9e29c75e3b11ce9b"
"611eb614-5813-4c50-a2d0-c10d618d27ad","ae470d3c-3d84-4413-91c3-8787a8643f47","ניסיון נוסף 1","real_estate","{""status"":""draft"",""language"":""he"",""company_name"":""gil"",""primary_color"":""#169a9c"",""secondary_color"":""#ff7300""}","https://lcazbaggfdejukjgkpeu.supabase.co/storage/v1/object/public/branding/branding/ae470d3c-3d84-4413-91c3-8787a8643f47/logo-1755111853450.webp","2025-08-20T12:42:19.078419",,true,false,"he","ae470d3c-3d84-4413-91c3-8787a8643f47",true,"he","2025-08-27T08:35:02.505045+00:00","3bae0eefc8dfef1a6f30830b",,"#2563eb","#f59e0b","#ffffff",,"29f5744d-acc3-43d8-86bc-827af11dcbf6","{}","draft",,"ניסיון-נוסף-1","he",,"d04a91079543d3a2","3c83540c42f8f2ec"
"c792e843-0f21-4c3c-aceb-4dc8f93dbfab","ae470d3c-3d84-4413-91c3-8787a8643f47","ניסיון נוסף ","real_estate","{""primary"":""#169a9c"",""secondary"":""#ff7300"",""background"":""#ff7300""}","https://lcazbaggfdejukjgkpeu.supabase.co/storage/v1/object/public/branding/branding/ae470d3c-3d84-4413-91c3-8787a8643f47/logo-1755111853450.webp","2025-08-18T18:23:14.080814",,true,false,"he","ae470d3c-3d84-4413-91c3-8787a8643f47",true,"he","2025-08-27T08:35:02.505045+00:00","b28e0dd6e6def4840e946d19",,"#2563eb","#f59e0b","#ffffff",,"3e0fc7d1-3478-46d5-8378-be865e119e6a","{}","draft",,"ניסיון-נוסף","he",,"1b0e958132468609","552d99560a2c3d12"
"dff6d97b-3e44-466a-8779-b5831964959f","2ba91821-68f4-45c3-baeb-043fbb369e97","ניסיון ","insurance","{""primary"":""#16939B"",""secondary"":""#FFD500"",""background"":""#FFD500""}","https://lcazbaggfdejukjgkpeu.supabase.co/storage/v1/object/public/branding/branding/2ba91821-68f4-45c3-baeb-043fbb369e97/logo-1755126964499.webp","2025-08-14T09:15:20.696381",,true,false,"he","2ba91821-68f4-45c3-baeb-043fbb369e97",true,"he","2025-08-27T08:35:02.505045+00:00","d6ade3477a9dbcc8fbee1668",,"#2563eb","#f59e0b","#ffffff",,"88f281f5-2c48-4909-989f-44e1b15395eb","{}","draft",,"ניסיון","he",,"c717fabe98897901","a05dd4501d05737a"
"5e9b0e42-434f-4a19-b4a1-4248b4b7ced1","2ba91821-68f4-45c3-baeb-043fbb369e97","'ב","insurance","{""status"":""draft"",""language"":""he"",""company_name"":""hoogi"",""primary_color"":""#16939B"",""secondary_color"":""#FFD500""}","https://lcazbaggfdejukjgkpeu.supabase.co/storage/v1/object/public/branding/branding/2ba91821-68f4-45c3-baeb-043fbb369e97/logo-1755126964499.webp","2025-08-20T13:31:42.927193",,true,false,"he","2ba91821-68f4-45c3-baeb-043fbb369e97",true,"he","2025-08-27T08:35:02.505045+00:00","829f51e69a3ff3642778d58c",,"#2563eb","#f59e0b","#ffffff",,"8d0f12c0-713e-4103-88f4-4a5ff34c62f5","{}","draft",,"ב","he",,"26bfcc5b4c6f11cf","326bcfa014c13613"
"65ae2de0-cb46-4bf4-99ae-a1fef43b6fd3","ae470d3c-3d84-4413-91c3-8787a8643f47","ניסיו 3 ","real_estate","{""status"":""draft"",""language"":""he"",""company_name"":""gil"",""primary_color"":""#169a9c"",""secondary_color"":""#ff7300""}","https://lcazbaggfdejukjgkpeu.supabase.co/storage/v1/object/public/branding/branding/ae470d3c-3d84-4413-91c3-8787a8643f47/logo-1755111853450.webp","2025-08-16T22:35:41.963068",,true,false,"he","ae470d3c-3d84-4413-91c3-8787a8643f47",true,"he","2025-08-27T08:35:02.505045+00:00","317cc605e8a117b1b24a20d1",,"#2563eb","#f59e0b","#ffffff",,"29e4edd2-acfb-41ed-aa07-c41423eca57b","{}","draft",,"ניסיו-3","he",,"35b1401c84f1dbaa","80d00708cc0ebce1"
"144cc3a7-c217-4432-af1d-51ae32f49841","2ba91821-68f4-45c3-baeb-043fbb369e97","ניסיו 3 ","insurance","{""status"":""draft"",""language"":""he"",""company_name"":""hoogi"",""primary_color"":""#16939B"",""secondary_color"":""#FFD500""}","https://lcazbaggfdejukjgkpeu.supabase.co/storage/v1/object/public/branding/branding/2ba91821-68f4-45c3-baeb-043fbb369e97/logo-1755126964499.webp","2025-08-17T07:30:17.644142",,true,false,"he","2ba91821-68f4-45c3-baeb-043fbb369e97",true,"he","2025-08-27T08:35:02.505045+00:00","c8774ed87c58ddc423f11f49",,"#2563eb","#f59e0b","#ffffff",,"3897b148-db93-4f97-b2c1-d9c2ccffefb0","{}","draft",,"ניסיו-3","he",,"88fd411195814895","03aece92fdd12948"
"94462c5b-0dc4-4976-8b41-0f53cfcc2878","2ba91821-68f4-45c3-baeb-043fbb369e97","ניסיו 3 ","insurance","{""status"":""draft"",""language"":""he"",""company_name"":""hoogi"",""primary_color"":""#16939B"",""secondary_color"":""#FFD500""}","https://lcazbaggfdejukjgkpeu.supabase.co/storage/v1/object/public/branding/branding/2ba91821-68f4-45c3-baeb-043fbb369e97/logo-1755126964499.webp","2025-08-17T16:29:41.775247",,true,false,"he","2ba91821-68f4-45c3-baeb-043fbb369e97",true,"he","2025-08-27T08:35:02.505045+00:00","5262e037c0e7540994fe460c",,"#2563eb","#f59e0b","#ffffff",,"a2af06b6-14e6-457d-b736-92e240b9a733","{}","draft",,"ניסיו-3","he",,"cf9d6aaab6cdd8d2","a07ee49e9e6eeb24"
"8a3aadaf-b3df-4344-9e0b-101e3bb32f24","2ba91821-68f4-45c3-baeb-043fbb369e97","ניסיו 3 ","insurance","{""primary"":""#16939B"",""secondary"":""#FFD500"",""background"":""#FFD500""}","https://lcazbaggfdejukjgkpeu.supabase.co/storage/v1/object/public/branding/branding/2ba91821-68f4-45c3-baeb-043fbb369e97/logo-1755126964499.webp","2025-08-17T16:29:58.370899",,true,false,"he","2ba91821-68f4-45c3-baeb-043fbb369e97",true,"he","2025-08-27T08:35:02.505045+00:00","3dfd45910ebba90f4a7fbd47",,"#2563eb","#f59e0b","#ffffff",,"66698dc8-d948-4f57-87d0-2ed1774ac8a5","{}","draft",,"ניסיו-3","he",,"f38a5cbf82b4bc84","aa171f2bb2cabd18"
"81b85a6f-6c3b-4574-b12e-3a735685e43a","ae470d3c-3d84-4413-91c3-8787a8643f47","ניסיון נוסף ","real_estate","{""status"":""draft"",""language"":""he"",""company_name"":""gil"",""primary_color"":""#169a9c"",""secondary_color"":""#ff7300""}","https://lcazbaggfdejukjgkpeu.supabase.co/storage/v1/object/public/branding/branding/ae470d3c-3d84-4413-91c3-8787a8643f47/logo-1755111853450.webp","2025-08-18T18:22:53.335156",,true,false,"he","ae470d3c-3d84-4413-91c3-8787a8643f47",true,"he","2025-08-27T08:35:02.505045+00:00","c19472d9c1ed0b106c5f6d1b",,"#2563eb","#f59e0b","#ffffff",,"7294a4bd-5221-4fac-bdfb-6da5ecd1f5cf","{}","draft",,"ניסיון-נוסף","he",,"a6b79ad68bf363b1","9f83efb49621241e"
"735c9332-058c-468e-a577-ca303e90468b","ae470d3c-3d84-4413-91c3-8787a8643f47","ניסיו 3 ","real_estate","{""primary"":""#169a9c"",""secondary"":""#ff7300"",""background"":""#ff7300""}","https://lcazbaggfdejukjgkpeu.supabase.co/storage/v1/object/public/branding/branding/ae470d3c-3d84-4413-91c3-8787a8643f47/logo-1755111853450.webp","2025-08-15T13:04:40.96292",,true,false,"he","ae470d3c-3d84-4413-91c3-8787a8643f47",true,"he","2025-08-27T08:35:02.505045+00:00","90abc7d3c17dd03ae0171228",,"#2563eb","#f59e0b","#ffffff",,"e5177426-7a23-4e3a-951a-0436238077f8","{}","draft",,"ניסיו-3","he",,"7cfdf210b7207c23","36c1cf820e9a255c"
"d3609b4b-2d7c-43e3-b892-a6129382df84","ae470d3c-3d84-4413-91c3-8787a8643f47","ניסיון נוסף ","real_estate","{""primary"":""#169a9c"",""secondary"":""#ff7300"",""background"":""#ff7300""}","https://lcazbaggfdejukjgkpeu.supabase.co/storage/v1/object/public/branding/branding/ae470d3c-3d84-4413-91c3-8787a8643f47/logo-1755111853450.webp","2025-08-15T13:08:27.190227",,true,false,"he","ae470d3c-3d84-4413-91c3-8787a8643f47",true,"he","2025-08-27T08:35:02.505045+00:00","5c5120930c2f03b835a6fa5e",,"#2563eb","#f59e0b","#ffffff",,"cd1844ae-83d5-419f-816f-fab8006c4dc1","{}","draft",,"ניסיון-נוסף","he",,"ea51d6caca8fdf98","b9e749f1194ba598"
"25144639-dd68-48b5-8fa9-7b1d5690ebef","2ba91821-68f4-45c3-baeb-043fbb369e97","ניסיון נוסף ","insurance","{""primary"":""#16939B"",""secondary"":""#FFD500"",""background"":""#FFD500""}","https://lcazbaggfdejukjgkpeu.supabase.co/storage/v1/object/public/branding/branding/2ba91821-68f4-45c3-baeb-043fbb369e97/logo-1755126964499.webp","2025-08-19T21:05:20.270837",,true,false,"he","2ba91821-68f4-45c3-baeb-043fbb369e97",true,"he","2025-08-27T08:35:02.505045+00:00","5dcb1a53f78932e0504ff36a",,"#2563eb","#f59e0b","#ffffff",,"25c3cc64-926b-4d76-b7c7-a2e8ded5521c","{}","draft",,"ניסיון-נוסף","he",,"e5833ade764363d3","a0859fe975b26c6e"
"529ab468-b01f-4101-87e1-4944d39ef00a","2ba91821-68f4-45c3-baeb-043fbb369e97","ניסיון נוסף ","insurance","{""primary"":""#16939B"",""secondary"":""#FFD500"",""background"":""#FFD500""}","https://lcazbaggfdejukjgkpeu.supabase.co/storage/v1/object/public/branding/branding/2ba91821-68f4-45c3-baeb-043fbb369e97/logo-1755126964499.webp","2025-08-14T11:02:47.85699",,true,false,"he","2ba91821-68f4-45c3-baeb-043fbb369e97",true,"he","2025-08-27T08:35:02.505045+00:00","30708a5f4554503c23cd888d",,"#2563eb","#f59e0b","#ffffff",,"65c85cd8-ef76-4364-a009-3623c8f21864","{}","draft",,"ניסיון-נוסף","he",,"01699ce5011364df","cc4308ad1561744f"
"a8d86fc5-2ae5-47e2-98cb-fbdb4390da7a","2ba91821-68f4-45c3-baeb-043fbb369e97","ניסיו 3 ","insurance","{""primary"":""#16939B"",""secondary"":""#FFD500"",""background"":""#FFD500""}","https://lcazbaggfdejukjgkpeu.supabase.co/storage/v1/object/public/branding/branding/2ba91821-68f4-45c3-baeb-043fbb369e97/logo-1755126964499.webp","2025-08-14T20:33:46.016601",,true,false,"he","2ba91821-68f4-45c3-baeb-043fbb369e97",true,"he","2025-08-27T08:35:02.505045+00:00","e0b270801155a2b50cab883c",,"#2563eb","#f59e0b","#ffffff",,"9da624fc-e882-455c-9c14-0b43a23883a2","{}","draft",,"ניסיו-3","he",,"3c7b3f5fa0bcf453","7532dc64ed876fb1"
"3fe3e96f-99a6-4a1b-9ce6-90b89777a9f0","2ba91821-68f4-45c3-baeb-043fbb369e97","ניסיון נוסף ","insurance","{""status"":""draft"",""language"":""he"",""company_name"":""hoogi"",""primary_color"":""#16939B"",""secondary_color"":""#FFD500""}","https://lcazbaggfdejukjgkpeu.supabase.co/storage/v1/object/public/branding/branding/2ba91821-68f4-45c3-baeb-043fbb369e97/logo-1755126964499.webp","2025-08-16T11:06:57.188264",,true,false,"he","2ba91821-68f4-45c3-baeb-043fbb369e97",true,"he","2025-08-27T08:35:02.505045+00:00","3a4bc8e0de863e9a10b45521",,"#2563eb","#f59e0b","#ffffff",,"ed0f505f-d0cc-410d-82ac-19ecefbc1f70","{}","draft",,"ניסיון-נוסף","he",,"cbd78eacbd02714e","6d8735d0be4e9613"
"dfbbb01c-6929-4e7a-9c0b-408b116779e0","2ba91821-68f4-45c3-baeb-043fbb369e97","ניסיון נוסף ","insurance","{""status"":""draft"",""language"":""he"",""company_name"":""hoogi"",""primary_color"":""#16939B"",""secondary_color"":""#FFD500""}","https://lcazbaggfdejukjgkpeu.supabase.co/storage/v1/object/public/branding/branding/2ba91821-68f4-45c3-baeb-043fbb369e97/logo-1755126964499.webp","2025-08-19T21:03:27.587833",,true,false,"he","2ba91821-68f4-45c3-baeb-043fbb369e97",true,"he","2025-08-27T08:35:02.505045+00:00","4f4005560af62229f74fbe70",,"#2563eb","#f59e0b","#ffffff",,"13924936-03ee-4232-a0b9-c32b7050080c","{}","draft",,"ניסיון-נוסף","he",,"4f65ae21914702e0","904fed7f72f8e17b"
"15959e92-4655-4e64-a38c-56d1e304362b","2ba91821-68f4-45c3-baeb-043fbb369e97","/'","insurance","{""status"":""draft"",""language"":""he"",""company_name"":""hoogi"",""primary_color"":""#16939B"",""secondary_color"":""#FFD500""}","https://lcazbaggfdejukjgkpeu.supabase.co/storage/v1/object/public/branding/branding/2ba91821-68f4-45c3-baeb-043fbb369e97/logo-1755126964499.webp","2025-08-20T13:18:46.938501",,true,false,"he","2ba91821-68f4-45c3-baeb-043fbb369e97",true,"he","2025-08-27T08:35:02.505045+00:00","9475ec81a12f00205e05f25b",,"#2563eb","#f59e0b","#ffffff",,"44aab73d-7baf-4590-999f-8f5bf633618e","{}","draft",,"","he",,"99e1e813eca50b00","ce34b53010fcb92a"
"398212f2-717d-4f20-8b62-bdb74a9e1749","2ba91821-68f4-45c3-baeb-043fbb369e97","שאלון אמיתי ","insurance","{""status"":""draft"",""language"":""he"",""company_name"":""hoogi"",""primary_color"":""#16939B"",""secondary_color"":""#FFD500""}","https://lcazbaggfdejukjgkpeu.supabase.co/storage/v1/object/public/branding/branding/2ba91821-68f4-45c3-baeb-043fbb369e97/logo-1755126964499.webp","2025-08-23T22:29:33.478756",,true,false,"he","2ba91821-68f4-45c3-baeb-043fbb369e97",false,"he","2025-08-27T08:35:02.505045+00:00","d6f7cdc0bc27102c5adc5714",,"#2563eb","#f59e0b","#ffffff",,"q_435e9b1ab2b5b6272de610ae7faeb41b","{""autoNotify"":false,""distribution"":{""waText"":""שלום! נשמח שתקדישו דקה למלא את השאלון: שאלון אמיתי "",""channel"":""link"",""emailBody"":""שלום, נשמח לקבל את חוות דעתך בטופס הבא:\nשאלון אמיתי \n\nתודה!"",""emailSubject"":""שאלון אמיתי : נשמח לשמוע ממך""},""endCustomerMessage"":{""body"":""שלום, נשמח לקבל את חוות דעתך בטופס הבא:\nשאלון אמיתי \n\nתודה!"",""waText"":""שלום! נשמח שתקדישו דקה למלא את השאלון: שאלון אמיתי "",""subject"":""שאלון אמיתי : נשמח לשמוע ממך""}}","draft",,,"he",,"de3a2561a5af8a11","966d23c09a3e18cd"
"f5ce76ae-1614-4b94-992a-da3e2fe81e53","2ba91821-68f4-45c3-baeb-043fbb369e97","מיבוי2","insurance","{""primary"":""#16939B"",""secondary"":""#FFD500"",""background"":""#FFD500""}","https://lcazbaggfdejukjgkpeu.supabase.co/storage/v1/object/public/branding/branding/2ba91821-68f4-45c3-baeb-043fbb369e97/logo-1755126964499.webp","2025-08-14T09:52:08.264308",,true,false,"he","2ba91821-68f4-45c3-baeb-043fbb369e97",true,"he","2025-08-27T08:35:02.505045+00:00","ef081b96a6c46cba48cdee0f",,"#2563eb","#f59e0b","#ffffff",,"10bb62b6-7c4b-4d34-80e4-541ba41fc322","{}","draft",,"מיבוי2","he",,"a874d7d02bda24f9","6ac575e05b85e433"
"157fb30b-5f5d-4b00-b186-0ec14acb9238","2ba91821-68f4-45c3-baeb-043fbb369e97","יחד","insurance","{""status"":""draft"",""language"":""he"",""company_name"":""hoogi"",""primary_color"":""#16939B"",""secondary_color"":""#FFD500""}","https://lcazbaggfdejukjgkpeu.supabase.co/storage/v1/object/public/branding/branding/2ba91821-68f4-45c3-baeb-043fbb369e97/logo-1755126964499.webp","2025-08-16T10:09:33.86037",,true,false,"he","2ba91821-68f4-45c3-baeb-043fbb369e97",true,"he","2025-08-27T08:35:02.505045+00:00","f50cf482983aee43535d6ab0",,"#2563eb","#f59e0b","#ffffff",,"0e072225-0357-42f0-b869-330aa97539b0","{}","draft",,"יחד","he",,"552cf033e8ce6063","ec6f293dc273f5d0"
"905d493c-3ae9-4d12-a03b-0e1721bf037a","2ba91821-68f4-45c3-baeb-043fbb369e97","יחד","insurance","{""primary"":""#16939B"",""secondary"":""#FFD500"",""background"":""#FFD500""}","https://lcazbaggfdejukjgkpeu.supabase.co/storage/v1/object/public/branding/branding/2ba91821-68f4-45c3-baeb-043fbb369e97/logo-1755126964499.webp","2025-08-16T11:00:29.924636",,true,false,"he","2ba91821-68f4-45c3-baeb-043fbb369e97",true,"he","2025-08-27T08:35:02.505045+00:00","88f705f39c55cb07ac441888",,"#2563eb","#f59e0b","#ffffff",,"ae17f645-33aa-4456-8080-13d1da8ceca2","{}","draft",,"יחד","he",,"30eabddfb4f89d66","a823d1744be1e43a"
"2b2dc368-1495-4b13-b8b7-6ebb964a4d87","81a07f63-158d-4dc2-a903-4c2c859b105f","כ","insurance","{""primary"":""#16939B"",""secondary"":""#FFD500"",""background"":""#FFD500""}","https://lcazbaggfdejukjgkpeu.supabase.co/storage/v1/object/public/branding/branding/2ba91821-68f4-45c3-baeb-043fbb369e97/logo-1755126964499.webp","2025-08-14T08:36:34.516548",,true,false,"he","2ba91821-68f4-45c3-baeb-043fbb369e97",true,"he","2025-08-27T08:35:02.505045+00:00","0ef266062cbb6bdc3c235d7f",,"#2563eb","#f59e0b","#ffffff",,"ef6542d2-daa7-4177-9bfa-f190d3c62cac","{}","draft",,"כ","he",,"9edfbf91eaf6cc3b","2addfc5b1c5b43d3"
"aecb17da-9d91-44a0-bef3-c846af85be00","ae470d3c-3d84-4413-91c3-8787a8643f47","דוגמא","real_estate","{""primary"":""#169a9c"",""secondary"":""#ff7300"",""background"":""#ff7300""}","https://lcazbaggfdejukjgkpeu.supabase.co/storage/v1/object/public/branding/branding/ae470d3c-3d84-4413-91c3-8787a8643f47/logo-1755111853450.webp","2025-08-23T22:45:09.157235",,true,false,"he","ae470d3c-3d84-4413-91c3-8787a8643f47",false,"he","2025-08-27T08:35:02.505045+00:00","a8d0f672d98816118135ebe7",,"#2563eb","#f59e0b","#ffffff",,"q_4e418e826617f76995f79a23e66a39c0",,"draft",,,"he",,"ff7652bfe8321564","2b1966a836fc9560"
"5efb6fc1-8dbf-4068-8dc3-4552c7fc54fe","2ba91821-68f4-45c3-baeb-043fbb369e97","vfv","insurance","{""status"":""draft"",""language"":""he"",""company_name"":""hoogi"",""primary_color"":""#16939B"",""secondary_color"":""#FFD500""}","https://lcazbaggfdejukjgkpeu.supabase.co/storage/v1/object/public/branding/branding/2ba91821-68f4-45c3-baeb-043fbb369e97/logo-1755126964499.webp","2025-08-23T23:13:56.145863",,true,false,"he","2ba91821-68f4-45c3-baeb-043fbb369e97",false,"he","2025-08-27T08:35:02.505045+00:00","a9deee7fbee2cec8202726ab",,"#2563eb","#f59e0b","#ffffff",,"q_6a4af738ffea0b039719c99277b8fcc7","{""autoNotify"":false,""distribution"":{""waText"":""שלום! נשמח שתקדישו דקה למלא את השאלון: vfv"",""channel"":""link"",""emailBody"":""שלום, נשמח לקבל את חוות דעתך בטופס הבא:\nvfv\n\nתודה!"",""emailSubject"":""vfv: נשמח לשמוע ממך""},""endCustomerMessage"":{""body"":""שלום, נשמח לקבל את חוות דעתך בטופס הבא:\nvfv\n\nתודה!"",""waText"":""שלום! נשמח שתקדישו דקה למלא את השאלון: vfv"",""subject"":""vfv: נשמח לשמוע ממך""}}","draft",,,"he",,"0a30e9e613abcf88","a250cb78134702d4"
"c7514849-b1ac-43dd-b9d0-54effc2208eb","81a07f63-158d-4dc2-a903-4c2c859b105f","ג","insurance","{""primary"":""#16939B"",""secondary"":""#FFD500"",""background"":""#FFD500""}","https://lcazbaggfdejukjgkpeu.supabase.co/storage/v1/object/public/branding/branding/2ba91821-68f4-45c3-baeb-043fbb369e97/logo-1755126964499.webp","2025-08-14T08:49:11.337061",,true,false,"he","2ba91821-68f4-45c3-baeb-043fbb369e97",true,"he","2025-08-27T08:35:02.505045+00:00","f295ecf1e9b9f9247a4cf3a7",,"#2563eb","#f59e0b","#ffffff",,"f0f61915-6e6d-4483-9eed-e283f86efe90","{}","draft",,"ג","he",,"5a33fc0e3ceaddbb","84319c653aff81f2"
"70d97dfa-27ad-46ae-ae87-906fbbd29888","ae470d3c-3d84-4413-91c3-8787a8643f47","רק","real_estate","{""status"":""draft"",""language"":""he"",""company_name"":""gil"",""primary_color"":""#169a9c"",""secondary_color"":""#ff7300""}","https://lcazbaggfdejukjgkpeu.supabase.co/storage/v1/object/public/branding/branding/ae470d3c-3d84-4413-91c3-8787a8643f47/logo-1755111853450.webp","2025-08-23T22:45:48.436341",,true,false,"he","ae470d3c-3d84-4413-91c3-8787a8643f47",false,"he","2025-08-27T08:35:02.505045+00:00","009d0f5fd748259f6383c461",,"#2563eb","#f59e0b","#ffffff",,"q_c5ccda20a510979562b80c0b01ea4e99","{""distribution"":{""waText"":""שלום! נשמח שתקדישו דקה למלא את השאלון: רק"",""channel"":""email"",""emailBody"":""שלום, נשמח לקבל את חוות דעתך בטופס הבא:\nרק\n\nתודה!"",""emailSubject"":""רק: נשמח לשמוע ממך""}}","published",,,"he",,"a40490128ed26fb8","f4a2e56c9d502716"
"756f0377-6db4-4b7c-a158-60e4fa744bad","ae470d3c-3d84-4413-91c3-8787a8643f47","ניסיו 3 ","real_estate","{""primary"":""#169a9c"",""secondary"":""#ff7300"",""background"":""#ff7300""}","https://lcazbaggfdejukjgkpeu.supabase.co/storage/v1/object/public/branding/branding/ae470d3c-3d84-4413-91c3-8787a8643f47/logo-1755111853450.webp","2025-08-24T11:42:05.103551",,true,false,"he","ae470d3c-3d84-4413-91c3-8787a8643f47",false,"he","2025-08-27T08:35:02.505045+00:00","b667d19bcc9137d9979d1dad",,"#2563eb","#f59e0b","#ffffff",,"8058e6607bd137eabae72cd8",,"draft",,,"he",,"ce61d08fbb0342a4","ac89bcadc84312d9"
"5db2c870-2b8a-4f70-91e5-5d47ad203d0e","ae470d3c-3d84-4413-91c3-8787a8643f47","ניסיון נוסף ","real_estate","{""primary"":""#169a9c"",""secondary"":""#ff7300"",""background"":""#ff7300""}","https://lcazbaggfdejukjgkpeu.supabase.co/storage/v1/object/public/branding/branding/ae470d3c-3d84-4413-91c3-8787a8643f47/logo-1755111853450.webp","2025-08-24T13:48:20.25136",,true,false,"he","ae470d3c-3d84-4413-91c3-8787a8643f47",false,"he","2025-08-27T08:35:02.505045+00:00","c0fe6ea92f3288bf70967995",,"#2563eb","#f59e0b","#ffffff",,"9bd2434c48d185ea08462150",,"draft",,,"he",,"a0edc799ab763423","86e9ff1404b47b3a"
"7bd500a9-4c8b-4c55-80d5-9a2a5066d86c","ae470d3c-3d84-4413-91c3-8787a8643f47","ניסיון נוסף ","real_estate","{""primary"":""#169a9c"",""secondary"":""#ff7300"",""background"":""#ff7300""}","https://lcazbaggfdejukjgkpeu.supabase.co/storage/v1/object/public/branding/branding/ae470d3c-3d84-4413-91c3-8787a8643f47/logo-1755111853450.webp","2025-08-24T14:05:06.641753",,true,false,"he","ae470d3c-3d84-4413-91c3-8787a8643f47",false,"he","2025-08-27T08:35:02.505045+00:00","6d7fb30ad188b23a2b76e602",,"#2563eb","#f59e0b","#ffffff",,"c760153a1afe262a220b4aff",,"draft",,,"he",,"cfbfbb24e2acb0ec","4acb6c3f683c9fc0"
"78bfcaa5-fa97-43ea-9d4c-c6560be39e13","ae470d3c-3d84-4413-91c3-8787a8643f47","ניסיו 3 ","real_estate","{""primary"":""#169a9c"",""secondary"":""#ff7300"",""background"":""#ff7300""}","https://lcazbaggfdejukjgkpeu.supabase.co/storage/v1/object/public/branding/branding/ae470d3c-3d84-4413-91c3-8787a8643f47/logo-1755111853450.webp","2025-08-24T11:49:55.312313",,true,false,"he","ae470d3c-3d84-4413-91c3-8787a8643f47",false,"he","2025-08-27T08:35:02.505045+00:00","ce348b1bc929c95a9710b480",,"#2563eb","#f59e0b","#ffffff",,"349d53b891ea949652ae0e7a",,"draft",,,"he",,"ed6559ff6ddab7c4","5778a48cbef5374c"
"90a4268d-5239-42f4-a390-52364dcd69b0","ae470d3c-3d84-4413-91c3-8787a8643f47","ניסיון נוסף ","real_estate","{""status"":""draft"",""language"":""he"",""company_name"":""gil"",""primary_color"":""#169a9c"",""secondary_color"":""#ff7300""}","https://lcazbaggfdejukjgkpeu.supabase.co/storage/v1/object/public/branding/branding/ae470d3c-3d84-4413-91c3-8787a8643f47/logo-1755111853450.webp","2025-08-26T21:51:40.780546",,true,false,"he","ae470d3c-3d84-4413-91c3-8787a8643f47",false,"he","2025-08-27T08:35:02.505045+00:00","ffe90fb941b95f4911e17eed",,"#2563eb","#f59e0b","#ffffff",,,,"draft",,,"he",,"8618593b92aa494d","d72022421bc4613d"
"9f5916e1-0d4b-4222-b010-5793cfdba0e5","ae470d3c-3d84-4413-91c3-8787a8643f47","ניסיו 3 ","real_estate","{""status"":""draft"",""language"":""he"",""company_name"":""gil"",""primary_color"":""#169a9c"",""secondary_color"":""#ff7300""}","https://lcazbaggfdejukjgkpeu.supabase.co/storage/v1/object/public/branding/branding/ae470d3c-3d84-4413-91c3-8787a8643f47/logo-1755111853450.webp","2025-08-23T22:52:13.329723",,true,false,"he","ae470d3c-3d84-4413-91c3-8787a8643f47",false,"he","2025-08-27T08:35:02.505045+00:00","abf17f2df9cfb0f62260f3dc",,"#2563eb","#f59e0b","#ffffff",,"q_3e5bae5b3d3734305dfabc5595da5fba","{""autoNotify"":false,""distribution"":{""waText"":""שלום! נשמח שתקדישו דקה למלא את השאלון: ניסיו 3 "",""channel"":""link"",""emailBody"":""שלום, נשמח לקבל את חוות דעתך בטופס הבא:\nניסיו 3 \n\nתודה!"",""emailSubject"":""ניסיו 3 : נשמח לשמוע ממך""},""endCustomerMessage"":{""body"":""שלום, נשמח לקבל את חוות דעתך בטופס הבא:\nניסיו 3 \n\nתודה!"",""waText"":""שלום! נשמח שתקדישו דקה למלא את השאלון: ניסיו 3 "",""subject"":""ניסיו 3 : נשמח לשמוע ממך""}}","draft",,,"he",,"10e9cdc9760fb373","ea0ed904a6d27fb1"
"0674b2f5-2456-4b64-ab5f-b1ca321784d0","ae470d3c-3d84-4413-91c3-8787a8643f47","ניסיון נוסף ","real_estate","{""status"":""draft"",""language"":""he"",""company_name"":""gil"",""primary_color"":""#169a9c"",""secondary_color"":""#ff7300""}","https://lcazbaggfdejukjgkpeu.supabase.co/storage/v1/object/public/branding/branding/ae470d3c-3d84-4413-91c3-8787a8643f47/logo-1755111853450.webp","2025-08-26T23:45:27.128249",,true,false,"he","ae470d3c-3d84-4413-91c3-8787a8643f47",false,"he","2025-08-27T08:35:02.505045+00:00","8466bc33f4864d1868bd6b4a",,"#2563eb","#f59e0b","#ffffff",,,,"draft",,,"he",,"162383fb5bc28de0","e48c25f24770836e"
"b2557188-24ad-4e29-b777-f2efa2787bf2","ae470d3c-3d84-4413-91c3-8787a8643f47","רק",,,,"2025-08-23T23:37:26.77",,true,false,"he","ae470d3c-3d84-4413-91c3-8787a8643f47",false,"he","2025-08-27T08:35:02.505045+00:00","896845de9f8f07e183a7ed10",,"#2563eb","#f59e0b","#ffffff",,"q_5acc6e36a8bcd1e743d212ff43b3f166","{""brand"":{},""autoNotify"":false,""distribution"":{""waText"":""שלום! נשמח שתקדישו דקה למלא את השאלון: רק"",""channel"":""link"",""emailBody"":""שלום, נשמח לקבל את חוות דעתך בטופס הבא:\nרק\n\nתודה!"",""emailSubject"":""רק: נשמח לשמוע ממך""},""endCustomerMessage"":{""body"":""שלום, נשמח לקבל את חוות דעתך בטופס הבא:\nרק\n\nתודה!"",""waText"":""שלום! נשמח שתקדישו דקה למלא את השאלון: רק"",""subject"":""רק: נשמח לשמוע ממך""}}","draft",,,"he",,"b9a28dd49f6b9155","ce40e243d67afcb0"
"875749b4-07e3-41e8-b83c-b33767f8f02b","ae470d3c-3d84-4413-91c3-8787a8643f47","ניסיון נוסף ","real_estate","{""primary"":""#169a9c"",""secondary"":""#ff7300"",""background"":""#ff7300""}","https://lcazbaggfdejukjgkpeu.supabase.co/storage/v1/object/public/branding/branding/ae470d3c-3d84-4413-91c3-8787a8643f47/logo-1755111853450.webp","2025-08-24T14:09:32.699741",,true,false,"he","ae470d3c-3d84-4413-91c3-8787a8643f47",false,"he","2025-08-27T08:35:02.505045+00:00","d39c8f1abcc7c0de50e8260e",,"#2563eb","#f59e0b","#ffffff",,"a8083faf3286d236db0fc426",,"draft",,,"he",,"90341b495133dd92","2c39d628b8e888a3"
"4dae7e57-4480-4693-810e-ca0b60548ca3","ae470d3c-3d84-4413-91c3-8787a8643f47","ניסיו 3 ","real_estate","{""primary"":""#169a9c"",""secondary"":""#ff7300"",""background"":""#ff7300""}","https://lcazbaggfdejukjgkpeu.supabase.co/storage/v1/object/public/branding/branding/ae470d3c-3d84-4413-91c3-8787a8643f47/logo-1755111853450.webp","2025-08-24T11:52:17.688522",,true,false,"he","ae470d3c-3d84-4413-91c3-8787a8643f47",false,"he","2025-08-27T08:35:02.505045+00:00","39bee2e870f9efe6f8402b9c",,"#2563eb","#f59e0b","#ffffff",,"98ecc430cc88a42ef4d1fd67",,"draft",,,"he",,"a3bc696301bd071c","d99d1976b6a91825"
"4736bafa-2681-432a-88aa-4d3018d7f5db","2ba91821-68f4-45c3-baeb-043fbb369e97","רק","insurance","{""status"":""draft"",""language"":""he"",""company_name"":""hoogi"",""primary_color"":""#16939B"",""secondary_color"":""#FFD500""}","https://lcazbaggfdejukjgkpeu.supabase.co/storage/v1/object/public/branding/branding/2ba91821-68f4-45c3-baeb-043fbb369e97/logo-1755126964499.webp","2025-08-19T21:21:08.630954",,true,false,"he","2ba91821-68f4-45c3-baeb-043fbb369e97",true,"he","2025-08-27T08:35:02.505045+00:00","6764d6b9d5a1f56a19ed0902",,"#2563eb","#f59e0b","#ffffff",,"b69d9c5a-e442-4755-9748-4bdf282b6759","{}","draft",,"רק","he",,"de80577ee6fce18e","29f3238d636a358a"
"b3b773a0-300d-435c-9d67-f7445c93c35d","ae470d3c-3d84-4413-91c3-8787a8643f47","דג","real_estate","{""status"":""draft"",""language"":""he"",""company_name"":""gil"",""primary_color"":""#169a9c"",""secondary_color"":""#ff7300""}","https://lcazbaggfdejukjgkpeu.supabase.co/storage/v1/object/public/branding/branding/ae470d3c-3d84-4413-91c3-8787a8643f47/logo-1755111853450.webp","2025-08-20T12:19:41.67469",,true,false,"he","ae470d3c-3d84-4413-91c3-8787a8643f47",true,"he","2025-08-27T08:35:02.505045+00:00","ce13f52a12c0b68defd5a415",,"#2563eb","#f59e0b","#ffffff",,"165bf660-091a-49f9-b302-803e3e29c9d4","{}","published",,"דג","he",,"4e34ab64b741ce44","e45c00df440ac4e0"
"1ecb1656-bacf-459f-94f5-a35f4891a968","ae470d3c-3d84-4413-91c3-8787a8643f47","ניסיון נוסף ","real_estate","{""status"":""draft"",""language"":""he"",""company_name"":""gil"",""primary_color"":""#169a9c"",""secondary_color"":""#ff7300""}","https://lcazbaggfdejukjgkpeu.supabase.co/storage/v1/object/public/branding/branding/ae470d3c-3d84-4413-91c3-8787a8643f47/logo-1755111853450.webp","2025-08-26T22:06:47.876579",,true,false,"he","ae470d3c-3d84-4413-91c3-8787a8643f47",false,"he","2025-08-27T08:35:02.505045+00:00","978fcceccea5f058d88aa7f1",,"#2563eb","#f59e0b","#ffffff",,,,"draft",,,"he",,"8645a0e04e73f92d","9627f79b9c826096"
"6149a672-348f-4efe-bf67-fedaf7b8251d","2ba91821-68f4-45c3-baeb-043fbb369e97","vfv","insurance","{""status"":""draft"",""language"":""he"",""company_name"":""hoogi"",""primary_color"":""#16939B"",""secondary_color"":""#FFD500""}","https://lcazbaggfdejukjgkpeu.supabase.co/storage/v1/object/public/branding/branding/2ba91821-68f4-45c3-baeb-043fbb369e97/logo-1755126964499.webp","2025-08-20T13:24:54.862558",,true,false,"he","2ba91821-68f4-45c3-baeb-043fbb369e97",true,"he","2025-08-27T08:35:02.505045+00:00","54250598a7068d05c3e93625",,"#2563eb","#f59e0b","#ffffff",,"5e313950-3af4-420f-bff9-4c978f0b11ce","{}","draft",,"vfv","he",,"72f5d80029120da5","50c38f5c2c871031"
"3b661e28-035e-471d-b759-f653cfdf5f52","ae470d3c-3d84-4413-91c3-8787a8643f47","ניסיון נוסף 1","real_estate","{""status"":""draft"",""language"":""he"",""company_name"":""gil"",""primary_color"":""#169a9c"",""secondary_color"":""#ff7300""}","https://lcazbaggfdejukjgkpeu.supabase.co/storage/v1/object/public/branding/branding/ae470d3c-3d84-4413-91c3-8787a8643f47/logo-1755111853450.webp","2025-08-15T12:10:46.522046",,true,false,"he","ae470d3c-3d84-4413-91c3-8787a8643f47",true,"he","2025-08-27T08:35:02.505045+00:00","9638f3aa045e5b188f9f1059",,"#2563eb","#f59e0b","#ffffff",,"6feee43e-3a0d-46d5-804c-8da59f84670d","{}","draft",,"ניסיון-נוסף-1","he",,"7b265d3e772b8f40","3176919c5d33ffbe"
"37ceba64-707d-4bd1-83f3-534b24f63160","ae470d3c-3d84-4413-91c3-8787a8643f47","שאלון ללא כותרת","real_estate","{""status"":""draft"",""language"":""he"",""company_name"":""gil"",""primary_color"":""#169a9c"",""secondary_color"":""#ff7300""}","https://lcazbaggfdejukjgkpeu.supabase.co/storage/v1/object/public/branding/branding/ae470d3c-3d84-4413-91c3-8787a8643f47/logo-1755111853450.webp","2025-08-16T22:39:05.464943",,true,false,"he","ae470d3c-3d84-4413-91c3-8787a8643f47",true,"he","2025-08-27T08:35:02.505045+00:00","1de48f3684bd389634be318c",,"#2563eb","#f59e0b","#ffffff",,"56e3131a-79d8-4e12-b69a-4b8f0cd16440","{}","draft",,"שאלון-ללא-כותרת","he",,"17a2d87d985d0850","ed49b90ac7a789c0"
"3d89d9d9-d5a2-4677-b5a9-c0042a845da4","2ba91821-68f4-45c3-baeb-043fbb369e97","ניסיון נוסף 1","insurance","{""primary"":""#16939B"",""secondary"":""#FFD500"",""background"":""#FFD500""}","https://lcazbaggfdejukjgkpeu.supabase.co/storage/v1/object/public/branding/branding/2ba91821-68f4-45c3-baeb-043fbb369e97/logo-1755126964499.webp","2025-08-14T12:54:44.879126",,true,false,"he","2ba91821-68f4-45c3-baeb-043fbb369e97",true,"he","2025-08-27T08:35:02.505045+00:00","0d3f687dab245eeda238a161",,"#2563eb","#f59e0b","#ffffff",,"18df6e02-aaed-42bb-a7bc-427603b77c44","{}","draft",,"ניסיון-נוסף-1","he",,"fbc5c7fe73af4e0f","be46986fd060a8d0"
"e419fd63-873e-4f04-a0e6-9f96dc4768f0","ae470d3c-3d84-4413-91c3-8787a8643f47","ניסיון נוסף ","real_estate","{""status"":""draft"",""language"":""he"",""company_name"":""gil"",""primary_color"":""#169a9c"",""secondary_color"":""#ff7300""}","https://lcazbaggfdejukjgkpeu.supabase.co/storage/v1/object/public/branding/branding/ae470d3c-3d84-4413-91c3-8787a8643f47/logo-1755111853450.webp","2025-08-26T14:24:52.618532",,true,false,"he","ae470d3c-3d84-4413-91c3-8787a8643f47",false,"he","2025-08-27T08:35:02.505045+00:00","64656f4951e52d5592dbc235",,"#2563eb","#f59e0b","#ffffff",,,,"draft",,,"he",,"8f2b2fb5925ff7c7","60b88aeb901024f6"
"ffc60641-f285-420e-9264-3b1254409678","2ba91821-68f4-45c3-baeb-043fbb369e97","שאלון ללא כותרת","insurance","{""id"":""ffc60641-f285-420e-9264-3b1254409678"",""meta"":{""primaryLanguage"":""he""},""title"":""שאלון ללא כותרת"",""status"":""draft"",""logoUrl"":""https://lcazbaggfdejukjgkpeu.supabase.co/storage/v1/object/public/branding/branding/2ba91821-68f4-45c3-baeb-043fbb369e97/logo-1755126964499.webp"",""category"":""insurance"",""language"":""he"",""companyName"":""hoogi"",""primaryColor"":""#16939B"",""secondaryColor"":""#FFD500""}","https://lcazbaggfdejukjgkpeu.supabase.co/storage/v1/object/public/branding/branding/2ba91821-68f4-45c3-baeb-043fbb369e97/logo-1755126964499.webp","2025-08-17T07:28:58.532753",,true,false,"he","2ba91821-68f4-45c3-baeb-043fbb369e97",true,"he","2025-08-27T08:35:02.505045+00:00","f66b7fc0e07f03215eba32f9",,"#2563eb","#f59e0b","#ffffff",,"90bfa247-4337-4f7e-be19-48df69fd7ed5","{""selectedChannel"":""landing"",""automationSettings"":{}}","draft",,"שאלון-ללא-כותרת","he",,"15bd2729f56f7eb4","f69c0241e1561dd6"
"1d04cc81-4aab-421c-8da0-bb51548119ad","ae470d3c-3d84-4413-91c3-8787a8643f47","שאלון ללא כותרת","real_estate","{""status"":""draft"",""language"":""he"",""company_name"":""gil"",""primary_color"":""#169a9c"",""secondary_color"":""#ff7300""}","https://lcazbaggfdejukjgkpeu.supabase.co/storage/v1/object/public/branding/branding/ae470d3c-3d84-4413-91c3-8787a8643f47/logo-1755111853450.webp","2025-08-18T19:06:16.14966",,true,false,"he","ae470d3c-3d84-4413-91c3-8787a8643f47",true,"he","2025-08-27T08:35:02.505045+00:00","26497a4a7ae6d47d4e998301",,"#2563eb","#f59e0b","#ffffff",,"cb72bb24-1b4d-40e5-b538-6042fcd75330","{}","draft",,"שאלון-ללא-כותרת","he",,"ca26264a40a6eadd","1442aabe6a0cc663"
"86a9aab9-5d3e-4882-a2ca-2313cff8ea95","ae470d3c-3d84-4413-91c3-8787a8643f47","שאלון ללא כותרת","real_estate","{""status"":""draft"",""language"":""he"",""company_name"":""gil"",""primary_color"":""#169a9c"",""secondary_color"":""#ff7300""}","https://lcazbaggfdejukjgkpeu.supabase.co/storage/v1/object/public/branding/branding/ae470d3c-3d84-4413-91c3-8787a8643f47/logo-1755111853450.webp","2025-08-19T09:43:43.288703",,true,false,"he","ae470d3c-3d84-4413-91c3-8787a8643f47",true,"he","2025-08-27T08:35:02.505045+00:00","563b525a4e5e766598d59a85",,"#2563eb","#f59e0b","#ffffff",,"da9de5f5-3803-41cd-8cfe-98131c0501b2","{}","draft",,"שאלון-ללא-כותרת","he",,"4350264f83f02afd","0117aa0bb59fa8e0"
"03f4e1c0-c7d2-4b2c-801c-f8b9312159ea","ae470d3c-3d84-4413-91c3-8787a8643f47","רק","real_estate","{""status"":""draft"",""language"":""he"",""company_name"":""gil"",""primary_color"":""#169a9c"",""secondary_color"":""#ff7300""}","https://lcazbaggfdejukjgkpeu.supabase.co/storage/v1/object/public/branding/branding/ae470d3c-3d84-4413-91c3-8787a8643f47/logo-1755111853450.webp","2025-08-26T22:23:49.235107",,true,false,"he","ae470d3c-3d84-4413-91c3-8787a8643f47",false,"he","2025-08-27T08:35:02.505045+00:00","ed29fec4abfc355d235e3068",,"#2563eb","#f59e0b","#ffffff",,,,"draft",,,"he",,"9f6288e9a3cc1077","13f625b1496f093c"
"782a6ff8-1939-46af-8820-4eadbb408293","2ba91821-68f4-45c3-baeb-043fbb369e97","שאלון ללא כותרת","insurance","{""status"":""draft"",""language"":""he"",""company_name"":""hoogi"",""primary_color"":""#16939B"",""secondary_color"":""#FFD500""}","https://lcazbaggfdejukjgkpeu.supabase.co/storage/v1/object/public/branding/branding/2ba91821-68f4-45c3-baeb-043fbb369e97/logo-1755126964499.webp","2025-08-19T21:12:44.929472",,true,false,"he","2ba91821-68f4-45c3-baeb-043fbb369e97",true,"he","2025-08-27T08:35:02.505045+00:00","eeb0ebfbde104e461e06999c",,"#2563eb","#f59e0b","#ffffff",,"a0452665-c9aa-4ed8-9c6f-e7507897cec9","{}","draft",,"שאלון-ללא-כותרת","he",,"008410190d962275","6713c3e1185e58c1"
"2c592756-eff7-41b3-bc15-2d78779fbaf9","ae470d3c-3d84-4413-91c3-8787a8643f47","ניסיון נוסף ","real_estate","{""status"":""draft"",""language"":""he"",""company_name"":""gil"",""primary_color"":""#169a9c"",""secondary_color"":""#ff7300""}","https://lcazbaggfdejukjgkpeu.supabase.co/storage/v1/object/public/branding/branding/ae470d3c-3d84-4413-91c3-8787a8643f47/logo-1755111853450.webp","2025-08-23T23:00:31.81306",,true,false,"he","ae470d3c-3d84-4413-91c3-8787a8643f47",false,"he","2025-08-27T08:35:02.505045+00:00","2b11b990ef28cc06b30fb92f",,"#2563eb","#f59e0b","#ffffff",,"q_85ced6fa30ebd7be883d01d412e57ec0","{""autoNotify"":false,""distribution"":{""waText"":""שלום! נשמח שתקדישו דקה למלא את השאלון: ניסיון נוסף "",""channel"":""link"",""emailBody"":""שלום, נשמח לקבל את חוות דעתך בטופס הבא:\nניסיון נוסף \n\nתודה!"",""emailSubject"":""ניסיון נוסף : נשמח לשמוע ממך""},""endCustomerMessage"":{""body"":""שלום,\nנשמח אם תמלא/י את השאלון: ניסיון נוסף \nhttp://localhost:8089/q/2c592756-eff7-41b3-bc15-2d78779fbaf9\n\nתודה!"",""waText"":""שלום! נודה למילוי השאלון: ניסיון נוסף \nhttp://localhost:8089/q/2c592756-eff7-41b3-bc15-2d78779fbaf9"",""subject"":""הודעה חדשה לגבי: ניסיון נוסף ""}}","draft",,,"he",,"e7c8815f022c36e4","2c8a77837120eb6d"
"404a465a-2cae-474d-8fe0-d8d17330d84b","ae470d3c-3d84-4413-91c3-8787a8643f47","ב","real_estate","{""primary"":""#169a9c"",""secondary"":""#ff7300"",""background"":""#ff7300""}","https://lcazbaggfdejukjgkpeu.supabase.co/storage/v1/object/public/branding/branding/ae470d3c-3d84-4413-91c3-8787a8643f47/logo-1755111853450.webp","2025-08-24T12:18:29.364539",,true,false,"he","ae470d3c-3d84-4413-91c3-8787a8643f47",false,"he","2025-08-27T08:35:02.505045+00:00","b6d154230804813771c6fc71",,"#2563eb","#f59e0b","#ffffff",,"765517db5e32d3d30d6e5244",,"draft",,,"he",,"f5c48e4915fa21b0","b425a1aa018df9a4"
"0ae0f015-e9ba-4db7-a52b-3f8978f5133e","ae470d3c-3d84-4413-91c3-8787a8643f47","רק","real_estate","{""primary"":""#169a9c"",""secondary"":""#ff7300"",""background"":""#ff7300""}","https://lcazbaggfdejukjgkpeu.supabase.co/storage/v1/object/public/branding/branding/ae470d3c-3d84-4413-91c3-8787a8643f47/logo-1755111853450.webp","2025-08-24T14:16:10.092327",,true,false,"he","ae470d3c-3d84-4413-91c3-8787a8643f47",false,"he","2025-08-27T08:35:02.505045+00:00","43ca06d1fe2129e99d2107e0",,"#2563eb","#f59e0b","#ffffff",,"39a5777a282ecaa428dce5fd",,"draft",,,"he",,"1fd305630af9512e","7c9e8207ba575a0a"
"ab68147e-d2eb-48a4-a993-0d14400293ef","ae470d3c-3d84-4413-91c3-8787a8643f47","רק","real_estate","{""primary"":""#169a9c"",""secondary"":""#ff7300"",""background"":""#ff7300""}","https://lcazbaggfdejukjgkpeu.supabase.co/storage/v1/object/public/branding/branding/ae470d3c-3d84-4413-91c3-8787a8643f47/logo-1755111853450.webp","2025-08-24T12:26:25.127044",,true,false,"he","ae470d3c-3d84-4413-91c3-8787a8643f47",false,"he","2025-08-27T08:35:02.505045+00:00","7ad6e731afc3e80e2ff068df",,"#2563eb","#f59e0b","#ffffff",,"d2c1c1e735a05b39793b8cf5",,"draft",,,"he",,"98f80e9b6f008909","973d55a5731d045e"
"1936a99a-577f-4b96-b091-8cc4bc87fbbf","2ba91821-68f4-45c3-baeb-043fbb369e97","vfv","insurance","{""status"":""draft"",""language"":""he"",""company_name"":""hoogi"",""primary_color"":""#16939B"",""secondary_color"":""#FFD500""}","https://lcazbaggfdejukjgkpeu.supabase.co/storage/v1/object/public/branding/branding/2ba91821-68f4-45c3-baeb-043fbb369e97/logo-1755126964499.webp","2025-08-23T23:02:29.676911",,true,false,"he","2ba91821-68f4-45c3-baeb-043fbb369e97",false,"he","2025-08-27T08:35:02.505045+00:00","fad205e57d41cb25c22e7fe4",,"#2563eb","#f59e0b","#ffffff",,"q_947e63c2f28a65a2be8058ab23bc0ac8","{""autoNotify"":false,""distribution"":{""waText"":""שלום! נשמח שתקדישו דקה למלא את השאלון: vfv"",""channel"":""link"",""emailBody"":""שלום, נשמח לקבל את חוות דעתך בטופס הבא:\nvfv\n\nתודה!"",""emailSubject"":""vfv: נשמח לשמוע ממך""},""endCustomerMessage"":{""body"":""שלום,\nנשמח אם תמלא/י את השאלון: vfv\nhttp://localhost:8089/q/1936a99a-577f-4b96-b091-8cc4bc87fbbf\n\nתודה!"",""waText"":""שלום! נודה למילוי השאלון: vfv\nhttp://localhost:8089/q/1936a99a-577f-4b96-b091-8cc4bc87fbbf"",""subject"":""הודעה חדשה לגבי: vfv""}}","draft",,,"he",,"fc6eddba6981c837","127b3301564ecc46"
"eab9d56e-7c3e-4182-9db8-02c201d4147a","ae470d3c-3d84-4413-91c3-8787a8643f47","ניסיון נוסף 1","real_estate","{""status"":""draft"",""language"":""he"",""company_name"":""gil"",""primary_color"":""#169a9c"",""secondary_color"":""#ff7300""}","https://lcazbaggfdejukjgkpeu.supabase.co/storage/v1/object/public/branding/branding/ae470d3c-3d84-4413-91c3-8787a8643f47/logo-1755111853450.webp","2025-08-19T09:59:13.69429",,true,false,"he","ae470d3c-3d84-4413-91c3-8787a8643f47",true,"he","2025-08-27T08:35:02.505045+00:00","09827fa3a761f26510586a10",,"#2563eb","#f59e0b","#ffffff",,"086c5cb6-bc82-49d1-8764-11ce46d7d1dd","{}","draft",,"ניסיון-נוסף-1","he",,"f62b938d76aab860","0535b0fc55b985f6"
"ac49ccaf-4a3b-497d-8c4f-eb678b56bb80","ae470d3c-3d84-4413-91c3-8787a8643f47","ניסיו 3 ","real_estate","{""primary"":""#169a9c"",""secondary"":""#ff7300"",""background"":""#ff7300""}","https://lcazbaggfdejukjgkpeu.supabase.co/storage/v1/object/public/branding/branding/ae470d3c-3d84-4413-91c3-8787a8643f47/logo-1755111853450.webp","2025-08-24T14:57:08.548342",,true,false,"he","ae470d3c-3d84-4413-91c3-8787a8643f47",false,"he","2025-08-27T08:35:02.505045+00:00","e83635ef1bdb6c9fd5c0cfc6",,"#2563eb","#f59e0b","#ffffff",,"65188e458996ef184040f7ab",,"draft",,,"he",,"e4f4c57db150d8f7","beeb59862dbb7952"
"27a4856b-e4db-4c4b-b0c1-45a23c584b2c","ae470d3c-3d84-4413-91c3-8787a8643f47","ניסיון נוסף 1","real_estate","{""status"":""draft"",""language"":""he"",""company_name"":""gil"",""primary_color"":""#169a9c"",""secondary_color"":""#ff7300""}","https://lcazbaggfdejukjgkpeu.supabase.co/storage/v1/object/public/branding/branding/ae470d3c-3d84-4413-91c3-8787a8643f47/logo-1755111853450.webp","2025-08-19T20:39:07.764833",,true,false,"he","ae470d3c-3d84-4413-91c3-8787a8643f47",true,"he","2025-08-27T08:35:02.505045+00:00","df5e946f41f15e52ac277d58",,"#2563eb","#f59e0b","#ffffff",,"b86c947a-7e8a-4887-b7d3-44388130c972","{}","draft",,"ניסיון-נוסף-1","he",,"385ffcd722772ca4","64bddae260a2169d"
"877fd6a3-ede1-4f07-8ac5-4ba76bb7cad9","2ba91821-68f4-45c3-baeb-043fbb369e97","ניסיון נוסף 1","insurance","{""status"":""draft"",""language"":""he"",""company_name"":""hoogi"",""primary_color"":""#16939B"",""secondary_color"":""#FFD500""}","https://lcazbaggfdejukjgkpeu.supabase.co/storage/v1/object/public/branding/branding/2ba91821-68f4-45c3-baeb-043fbb369e97/logo-1755126964499.webp","2025-08-19T21:13:30.335753",,true,false,"he","2ba91821-68f4-45c3-baeb-043fbb369e97",true,"he","2025-08-27T08:35:02.505045+00:00","3813fec216de12433f578395",,"#2563eb","#f59e0b","#ffffff",,"d897582a-5a94-4a9b-9af1-cf0655b918d4","{}","draft",,"ניסיון-נוסף-1","he",,"b470b80242611e13","7266fc7495dab050"
"2e1dfd6d-e523-4cd6-a8be-ed69b1b26018","2ba91821-68f4-45c3-baeb-043fbb369e97","ניסיון נוסף 1","insurance","{""status"":""draft"",""language"":""he"",""company_name"":""hoogi"",""primary_color"":""#16939B"",""secondary_color"":""#FFD500""}","https://lcazbaggfdejukjgkpeu.supabase.co/storage/v1/object/public/branding/branding/2ba91821-68f4-45c3-baeb-043fbb369e97/logo-1755126964499.webp","2025-08-20T11:25:02.695637",,true,false,"he","2ba91821-68f4-45c3-baeb-043fbb369e97",true,"he","2025-08-27T08:35:02.505045+00:00","2460fa19717a78d383e39ce7",,"#2563eb","#f59e0b","#ffffff",,"3420b40d-b9e1-4e3e-acc8-abbcca5b94e3","{}","draft",,"ניסיון-נוסף-1","he",,"08b42c1bfc21a05c","748ee3076fb65a35"
"d92f65b2-a54f-4cb6-b1cf-f30f1184eead","ae470d3c-3d84-4413-91c3-8787a8643f47","ניסיון נוסף ","real_estate","{""status"":""draft"",""language"":""he"",""company_name"":""gil"",""primary_color"":""#169a9c"",""secondary_color"":""#ff7300""}","https://lcazbaggfdejukjgkpeu.supabase.co/storage/v1/object/public/branding/branding/ae470d3c-3d84-4413-91c3-8787a8643f47/logo-1755111853450.webp","2025-08-26T14:35:50.284995",,true,false,"he","ae470d3c-3d84-4413-91c3-8787a8643f47",false,"he","2025-08-27T08:35:02.505045+00:00","034edd0745eb597009b739ed",,"#2563eb","#f59e0b","#ffffff",,,,"draft",,,"he",,"432fc7e00d534e3e","18903d99983ad396"
"b996f49f-d036-4db4-8b14-7d6bb7113f27","ae470d3c-3d84-4413-91c3-8787a8643f47","ניסיו 3 ","real_estate","{""status"":""draft"",""language"":""he"",""company_name"":""gil"",""primary_color"":""#169a9c"",""secondary_color"":""#ff7300""}","https://lcazbaggfdejukjgkpeu.supabase.co/storage/v1/object/public/branding/branding/ae470d3c-3d84-4413-91c3-8787a8643f47/logo-1755111853450.webp","2025-08-17T09:41:02.412392",,true,false,"he","ae470d3c-3d84-4413-91c3-8787a8643f47",true,"he","2025-08-27T08:35:02.505045+00:00","ef7f9c4de551f7d4855eac4f",,"#2563eb","#f59e0b","#ffffff",,"9d95b640-f146-4712-90d3-22d9f9b6db8a","{}","draft",,"ניסיו-3","he",,"c7969eda03236768","5a52eb0860e6c203"
"c45a4dc0-a0c2-4d09-8427-1673f2fb3f83","ae470d3c-3d84-4413-91c3-8787a8643f47","ניסיו 3 ","real_estate","{""primary"":""#169a9c"",""secondary"":""#ff7300"",""background"":""#ff7300""}","https://lcazbaggfdejukjgkpeu.supabase.co/storage/v1/object/public/branding/branding/ae470d3c-3d84-4413-91c3-8787a8643f47/logo-1755111853450.webp","2025-08-17T09:41:17.313163",,true,false,"he","ae470d3c-3d84-4413-91c3-8787a8643f47",true,"he","2025-08-27T08:35:02.505045+00:00","8b3d32b9da1ef55d093b62dd",,"#2563eb","#f59e0b","#ffffff",,"a96d5956-db6e-41c8-af1a-48c297c1f5cc","{}","draft",,"ניסיו-3","he",,"bb1dd48eb619ce11","87286938d6d3b290"
"7d473424-4998-4b01-81fc-e9aa2281fa09","2ba91821-68f4-45c3-baeb-043fbb369e97","רק","real_estate","{""status"":""draft"",""language"":""he"",""company_name"":""gil "",""primary_color"":""#16939B"",""secondary_color"":""#FFD500""}","","2025-08-24T07:24:54.775434",,true,false,"he","2ba91821-68f4-45c3-baeb-043fbb369e97",false,"he","2025-08-27T08:35:02.505045+00:00","295277be9599c634676dab4e",,"#2563eb","#f59e0b","#ffffff",,"q_0fb2934b1ea9ba3b032b5eb802e6852f",,"draft",,,"he",,"b19c332b69eeeac0","670ecc74e847dbb3"
"b8b1a753-0f77-4a93-8b64-bcc0a84ff11f","2ba91821-68f4-45c3-baeb-043fbb369e97","vfv","real_estate","{""primary"":""#16939B"",""secondary"":""#FFD500"",""background"":""#FFD500""}","https://lcazbaggfdejukjgkpeu.supabase.co/storage/v1/object/public/branding/branding/ae470d3c-3d84-4413-91c3-8787a8643f47/logo-1755111853450.webp","2025-08-24T12:28:46.380401",,true,false,"he","2ba91821-68f4-45c3-baeb-043fbb369e97",false,"he","2025-08-27T08:35:02.505045+00:00","60e59e3f291bc06223206a07",,"#2563eb","#f59e0b","#ffffff",,"a758bff43993ef449af59f55",,"draft",,,"he",,"ac357919d1e85b23","b8e2e2ba969d0208"
"6a234b46-3a6b-4ab5-93a5-5b155134066c","ae470d3c-3d84-4413-91c3-8787a8643f47","vfv","real_estate","{""status"":""draft"",""language"":""he"",""company_name"":""gil"",""primary_color"":""#169a9c"",""secondary_color"":""#ff7300""}","https://lcazbaggfdejukjgkpeu.supabase.co/storage/v1/object/public/branding/branding/ae470d3c-3d84-4413-91c3-8787a8643f47/logo-1755111853450.webp","2025-08-24T18:08:24.275807",,true,false,"he","ae470d3c-3d84-4413-91c3-8787a8643f47",false,"he","2025-08-27T08:35:02.505045+00:00","65cc1381fdb5a5b11fa5886b",,"#2563eb","#f59e0b","#ffffff",,"a0f0892e222be3a70278926c",,"draft",,,"he",,"da710180d6025aa6","013624cfdd6efe41"
"e9807606-78fe-46c9-a9ce-c17baf4ccc7d","ae470d3c-3d84-4413-91c3-8787a8643f47","ניסיון נוסף ","real_estate","{""status"":""draft"",""language"":""he"",""company_name"":""gil"",""primary_color"":""#169a9c"",""secondary_color"":""#ff7300""}","https://lcazbaggfdejukjgkpeu.supabase.co/storage/v1/object/public/branding/branding/ae470d3c-3d84-4413-91c3-8787a8643f47/logo-1755111853450.webp","2025-08-26T14:51:13.797771",,true,false,"he","ae470d3c-3d84-4413-91c3-8787a8643f47",false,"he","2025-08-27T08:35:02.505045+00:00","eafbe62f2a7ea11008488a03",,"#2563eb","#f59e0b","#ffffff",,,,"draft",,,"he",,"c7a033f3ef1b78f4","55badd1d914d1508"
"550e5414-90a1-4555-a59c-a96a3a839cfa","ae470d3c-3d84-4413-91c3-8787a8643f47","שאלון ללא כותרת","real_estate","{""status"":""draft"",""language"":""he"",""company_name"":""gil"",""primary_color"":""#169a9c"",""secondary_color"":""#ff7300""}","https://lcazbaggfdejukjgkpeu.supabase.co/storage/v1/object/public/branding/branding/ae470d3c-3d84-4413-91c3-8787a8643f47/logo-1755111853450.webp","2025-08-26T22:41:09.272111",,true,false,"he","ae470d3c-3d84-4413-91c3-8787a8643f47",false,"he","2025-08-27T08:35:02.505045+00:00","fea5b1a96aeceabff959306c",,"#2563eb","#f59e0b","#ffffff",,,,"draft",,,"he",,"189128a178313515","5bdf0bdd257b954a"
"60bfcab2-6bf9-4181-b4cc-4f81a886d11b","2ba91821-68f4-45c3-baeb-043fbb369e97","רק","real_estate","{""status"":""draft"",""language"":""he"",""company_name"":""gil "",""primary_color"":""#16939B"",""secondary_color"":""#FFD500""}","","2025-08-26T22:45:03.143122",,true,false,"he","2ba91821-68f4-45c3-baeb-043fbb369e97",false,"he","2025-08-27T08:35:02.505045+00:00","7043a634fa936ec3404bb4b3",,"#2563eb","#f59e0b","#ffffff",,,,"draft",,,"he",,"5e5a9ac02bb74a07","515f0f8e9f9d8552"
"b57e1f5f-df45-4601-b7c5-a0b3f668e52f","ae470d3c-3d84-4413-91c3-8787a8643f47","ניסיון נוסף ","real_estate","{""status"":""draft"",""language"":""he"",""company_name"":""gil"",""primary_color"":""#169a9c"",""secondary_color"":""#ff7300""}","https://lcazbaggfdejukjgkpeu.supabase.co/storage/v1/object/public/branding/branding/ae470d3c-3d84-4413-91c3-8787a8643f47/logo-1755111853450.webp","2025-08-26T22:52:34.982671",,true,false,"he","ae470d3c-3d84-4413-91c3-8787a8643f47",false,"he","2025-08-27T08:35:02.505045+00:00","db387c9b5afc23a0b4c5a70b",,"#2563eb","#f59e0b","#ffffff",,,,"draft",,,"he",,"7aaad06c412b1754","704d3743ae56c61e"
"61728572-713e-40de-8912-c2c2ab40d5cc","ae470d3c-3d84-4413-91c3-8787a8643f47","ניסיון נוסף ","real_estate","{""status"":""draft"",""language"":""he"",""company_name"":""gil"",""primary_color"":""#169a9c"",""secondary_color"":""#ff7300""}","https://lcazbaggfdejukjgkpeu.supabase.co/storage/v1/object/public/branding/branding/ae470d3c-3d84-4413-91c3-8787a8643f47/logo-1755111853450.webp","2025-08-26T23:12:22.548283",,true,false,"he","ae470d3c-3d84-4413-91c3-8787a8643f47",false,"he","2025-08-27T08:35:02.505045+00:00","96cc2be016db2845cf3e6783",,"#2563eb","#f59e0b","#ffffff",,,,"draft",,,"he",,"8068071a8a56c6f1","b795b302ce10e347"
"07f34d1b-430a-4a2a-b217-ccdb33291797","ae470d3c-3d84-4413-91c3-8787a8643f47","ניסיון נוסף ","real_estate","{""status"":""draft"",""language"":""he"",""company_name"":""gil"",""primary_color"":""#169a9c"",""secondary_color"":""#ff7300""}","https://lcazbaggfdejukjgkpeu.supabase.co/storage/v1/object/public/branding/branding/ae470d3c-3d84-4413-91c3-8787a8643f47/logo-1755111853450.webp","2025-08-26T23:25:27.002718",,true,false,"he","ae470d3c-3d84-4413-91c3-8787a8643f47",false,"he","2025-08-27T08:35:02.505045+00:00","6262a434be5c1f3e834510de",,"#2563eb","#f59e0b","#ffffff",,,,"draft",,,"he",,"7e40976028a131c2","cb1227373c2ba2e3"
"5ab8bfed-18e2-4787-9983-97e1d740e83c","ae470d3c-3d84-4413-91c3-8787a8643f47","ניסיון נוסף ","real_estate","{""status"":""draft"",""language"":""he"",""company_name"":""gil"",""primary_color"":""#169a9c"",""secondary_color"":""#ff7300""}","https://lcazbaggfdejukjgkpeu.supabase.co/storage/v1/object/public/branding/branding/ae470d3c-3d84-4413-91c3-8787a8643f47/logo-1755111853450.webp","2025-08-26T23:32:37.269981",,true,false,"he","ae470d3c-3d84-4413-91c3-8787a8643f47",false,"he","2025-08-27T08:35:02.505045+00:00","802d5f6e6e4499e4d463ecec",,"#2563eb","#f59e0b","#ffffff",,,,"draft",,,"he",,"5c60f3eb59136a3a","60a721d476bc8dd6"
"832ef982-6452-4a71-aee4-c9cf426a5917","ae470d3c-3d84-4413-91c3-8787a8643f47","ניסיון נוסף ","real_estate","{""status"":""draft"",""language"":""he"",""company_name"":""gil"",""primary_color"":""#169a9c"",""secondary_color"":""#ff7300""}","https://lcazbaggfdejukjgkpeu.supabase.co/storage/v1/object/public/branding/branding/ae470d3c-3d84-4413-91c3-8787a8643f47/logo-1755111853450.webp","2025-08-26T23:35:22.691601",,true,false,"he","ae470d3c-3d84-4413-91c3-8787a8643f47",false,"he","2025-08-27T08:35:02.505045+00:00","1510c9f3d0dc0c2116c31939",,"#2563eb","#f59e0b","#ffffff",,,,"draft",,,"he",,"667a489b05a84a1d","48aaa6da48a0f4e0"
"d115fe0c-0bb9-4bd1-b3fa-bb5abd206cc1","ae470d3c-3d84-4413-91c3-8787a8643f47","רק","real_estate","{""status"":""draft"",""language"":""he"",""company_name"":""gil"",""primary_color"":""#169a9c"",""secondary_color"":""#ff7300""}","https://lcazbaggfdejukjgkpeu.supabase.co/storage/v1/object/public/branding/branding/ae470d3c-3d84-4413-91c3-8787a8643f47/logo-1755111853450.webp","2025-08-26T23:37:50.602381",,true,false,"he","ae470d3c-3d84-4413-91c3-8787a8643f47",false,"he","2025-08-27T08:35:02.505045+00:00","0e7d058c155febaffe64a7ed",,"#2563eb","#f59e0b","#ffffff",,,,"draft",,,"he",,"52ea77b8669648a2","f7529a5d4cfb88cb"
"136805ae-2312-4539-b19e-a8d526d3d9cc","ae470d3c-3d84-4413-91c3-8787a8643f47","ניסיון נוסף ","real_estate","{""status"":""draft"",""language"":""he"",""company_name"":""gil"",""primary_color"":""#169a9c"",""secondary_color"":""#ff7300""}","https://lcazbaggfdejukjgkpeu.supabase.co/storage/v1/object/public/branding/branding/ae470d3c-3d84-4413-91c3-8787a8643f47/logo-1755111853450.webp","2025-08-26T23:57:41.528644",,true,false,"he","ae470d3c-3d84-4413-91c3-8787a8643f47",false,"he","2025-08-27T08:35:02.505045+00:00","b089b00f573eba6d29c91048",,"#2563eb","#f59e0b","#ffffff",,,,"draft",,,"he",,"ea2756bd10e8ccbe","752003b43851de45"